L[1]=r23^3*r24^3*r35^3
L[2]=r13^3*r14^3*r35^3
L[3]=r24^3*r25^3*r34^3
L[4]=r23^3*r25^3*r34^3
L[5]=r14^3*r15^3*r34^3
L[6]=r13^3*r15^3*r34^3
L[7]=r12^3*r14^3*r25^3
L[8]=r12^3*r13^3*r25^3
L[9]=r14^3*r15^3*r24^3
L[10]=r12^3*r15^3*r24^3
L[11]=r12^3*r13^3*r24^3
L[12]=r13^3*r15^3*r23^3
L[13]=r12^3*r15^3*r23^3
L[14]=r13^3*r14^3*r23^3
L[15]=r12^3*r14^3*r23^3
L[16]=r12*r13*r14*r15*r23*r24*r25*r34*r35*r45*t
L[17]=r12^3*r15^3*r25^3*r34^3*r35^3
L[18]=r12^3*r14^3*r24^3*r34^3*r35^3
L[19]=r12^3*r13^3*r23^3*r34^3*r35^3
L[20]=r13^3*r15^3*r24^3*r25^3*r35^3
L[21]=r14^3*r15^3*r23^3*r25^3*r35^3
L[22]=r12^3*r13*r14*r15^3*r23*r25*r34*r35*r45^4*t
L[23]=r12^3*r13*r14^3*r15*r23*r24*r34*r35*r45^4*t
L[24]=r12*r13*r14*r15*r23^3*r24*r25^3*r35*r45^4*t
L[25]=r12*r13^3*r14*r15^3*r23*r24*r25*r35*r45^4*t
L[26]=r12*r13*r14*r15*r23^3*r24^3*r25*r34*r45^4*t
L[27]=r12*r13^3*r14^3*r15*r23*r24*r25*r34*r45^4*t
L[28]=r12^3*r13*r14*r15^3*r24*r25*r34*r35^4*r45*t
L[29]=r12^3*r13^3*r14*r15*r23*r24*r34*r35^4*r45*t
L[30]=r12*r13*r14*r15*r23*r24^3*r25^3*r35^4*r45*t
L[31]=r12*r13*r14^3*r15^3*r23*r24*r25*r35^4*r45*t
L[32]=r12^3*r13*r14^3*r15*r24*r25*r34^4*r35*r45*t
L[33]=r12^3*r13^3*r14*r15*r23*r25*r34^4*r35*r45*t
L[34]=r12*r13^3*r14*r15^3*r24*r25^4*r34*r35*r45*t
L[35]=r12*r13*r14^3*r15^3*r23*r25^4*r34*r35*r45*t
L[36]=r12*r13^3*r14^3*r15*r24^4*r25*r34*r35*r45*t
L[37]=r12*r13^3*r15*r23*r24*r25*r34*r35^4*r45^4*t
L[38]=r12*r13*r14*r15*r23^3*r25*r34*r35^4*r45^4*t
L[39]=r12*r13^3*r14*r23*r24*r25*r34^4*r35*r45^4*t
L[40]=r12*r13*r14*r15*r23^3*r24*r34^4*r35*r45^4*t
L[41]=r12^3*r13*r15*r23*r24*r25^4*r34*r35*r45^4*t
L[42]=r12^3*r13*r14*r23*r24^4*r25*r34*r35*r45^4*t
L[43]=r12*r13*r14^3*r23*r24*r25*r34^4*r35^4*r45*t
L[44]=r12*r13*r14*r15*r23*r24^3*r34^4*r35^4*r45*t
L[45]=r12^3*r14*r15*r23*r24*r25^4*r34*r35^4*r45*t
L[46]=r12^3*r13*r14*r23^4*r24*r25*r34*r35^4*r45*t
L[47]=r12^3*r14*r15*r23*r24^4*r25*r34^4*r35*r45*t
L[48]=r12^3*r13*r15*r23^4*r24*r25*r34^4*r35*r45*t
L[49]=r12*r13*r14^3*r23*r24^4*r25^4*r34*r35*r45*t
L[50]=r12*r13^3*r14*r23^4*r24*r25^4*r34*r35*r45*t
L[51]=r12*r13^3*r15*r23^4*r24^4*r25*r34*r35*r45*t
L[52]=r12*r13*r14*r15*r24^4*r25*r34*r35^4*r45^4*t
L[53]=r12*r14^4*r15*r23*r24*r25*r34*r35^4*r45^4*t
L[54]=r12*r13*r14*r15*r24*r25^4*r34^4*r35*r45^4*t
L[55]=r12*r14*r15^4*r23*r24*r25*r34^4*r35*r45^4*t
L[56]=r13*r14^4*r15*r23*r24*r25^4*r34*r35*r45^4*t
L[57]=r12^3*r13*r15*r23^3*r24*r25^3*r34*r35*r45^4*t
L[58]=r13*r14*r15^4*r23*r24^4*r25*r34*r35*r45^4*t
L[59]=r12^3*r13*r14*r23^3*r24^3*r25*r34*r35*r45^4*t
L[60]=r12*r13^3*r14*r15^3*r24*r25^4*r35*r45^4*t
L[61]=r12*r13^3*r14^3*r15*r24^4*r25*r34*r45^4*t
L[62]=r12*r13*r14*r15*r23*r25^4*r34^4*r35^4*r45*t
L[63]=r12*r13*r15^4*r23*r24*r25*r34^4*r35^4*r45*t
L[64]=r13^4*r14*r15*r23*r24*r25^4*r34*r35^4*r45*t
L[65]=r12^3*r14*r15*r23*r24^3*r25^3*r34*r35^4*r45*t
L[66]=r13*r14*r15^4*r23^4*r24*r25*r34*r35^4*r45*t
L[67]=r12*r13*r14^3*r15^3*r23*r25^4*r35^4*r45*t
L[68]=r13^4*r14*r15*r23*r24^4*r25*r34^4*r35*r45*t
L[69]=r13*r14^4*r15*r23^4*r24*r25*r34^4*r35*r45*t
L[70]=r12*r13*r15^4*r23*r24^4*r25^4*r34*r35*r45*t
L[71]=r12*r14*r15^4*r23^4*r24*r25^4*r34*r35*r45*t
L[72]=r12*r14^4*r15*r23^4*r24^4*r25*r34*r35*r45*t
L[73]=r13^3*r14^3*r15*r23*r24*r25^4*r34*r35*r45^4*t
L[74]=r13*r14^4*r15*r23^3*r24*r25^3*r34*r35*r45^4*t
L[75]=r13^3*r14*r15^3*r23*r24^4*r25*r34*r35*r45^4*t
L[76]=r13*r14*r15^4*r23^3*r24^3*r25*r34*r35*r45^4*t
L[77]=r12*r13^3*r14*r23^4*r24*r25^4*r35*r45^4*t
L[78]=r12*r13^3*r15*r23^4*r24^4*r25*r34*r45^4*t
L[79]=r13^4*r14*r15*r23*r24^3*r25^3*r34*r35^4*r45*t
L[80]=r13*r14^3*r15^3*r23^4*r24*r25*r34*r35^4*r45*t
L[81]=r12*r13*r14^3*r23*r24^4*r25^4*r35^4*r45*t
L[82]=r12*r14^3*r15^3*r23^4*r24*r25^4*r34*r35*r45*t
L[83]=r12^3*r13*r14*r15^3*r25*r34*r35^6*r45^4*t
L[84]=r12^3*r13^3*r15*r23*r24*r34*r35^6*r45^4*t
L[85]=r12*r13*r14*r15*r24^3*r25^3*r35^6*r45^4*t
L[86]=r12*r14^3*r15^3*r23*r24*r25*r35^6*r45^4*t
L[87]=r12*r13*r14*r15*r24^3*r25^4*r34*r35^4*r45^4*t
L[88]=r12*r14^3*r15^4*r23*r24*r25*r34*r35^4*r45^4*t
L[89]=r12^4*r14^3*r15*r23*r24*r25*r34*r35^4*r45^4*t
L[90]=r12^4*r13*r14*r15^4*r25*r34*r35^4*r45^4*t
L[91]=r12^3*r13^3*r14*r23*r25*r34^6*r35*r45^4*t
L[92]=r12^3*r13*r14^3*r15*r24*r34^6*r35*r45^4*t
L[93]=r12^4*r14*r15^3*r23*r24*r25*r34^4*r35*r45^4*t
L[94]=r12^4*r13*r14^4*r15*r24*r34^4*r35*r45^4*t
L[95]=r12^3*r14*r15^3*r23*r24*r25^3*r34^3*r35*r45^4*t
L[96]=r12^3*r13*r15^3*r23*r24*r25^3*r34^3*r35*r45^4*t
L[97]=r12^3*r13*r14*r15^3*r24*r25^3*r34^3*r35*r45^4*t
L[98]=r12^3*r13*r14^3*r23*r24^3*r25*r34^3*r35*r45^4*t
L[99]=r12^3*r13^3*r14*r23^3*r24*r25*r34^3*r35*r45^4*t
L[100]=r12^3*r13^3*r14*r15*r23^3*r24*r34^3*r35*r45^4*t
L[101]=r13*r14^3*r15^3*r23*r25^6*r34*r35*r45^4*t
L[102]=r13^3*r14*r15^3*r24^3*r25^4*r34*r35*r45^4*t
L[103]=r13*r14^3*r15^4*r23*r24*r25^4*r34*r35*r45^4*t
L[104]=r13*r14^3*r15^3*r23^3*r25^4*r34*r35*r45^4*t
L[105]=r13^3*r14^3*r15*r24^4*r25^3*r34*r35*r45^4*t
L[106]=r12^3*r14*r15*r23^3*r24^3*r25^3*r34*r35*r45^4*t
L[107]=r13^3*r14*r15^3*r23*r24^3*r25^3*r34*r35*r45^4*t
L[108]=r13^3*r14^3*r15*r23*r24^3*r25^3*r34*r35*r45^4*t
L[109]=r13*r14^3*r15^3*r23^3*r24*r25^3*r34*r35*r45^4*t
L[110]=r12^3*r13^3*r14^3*r15^3*r24*r25*r34*r35*r45^4*t
L[111]=r12*r14*r15^4*r23^4*r24*r25^4*r35*r45^4*t
L[112]=r12*r13*r14^3*r15^3*r23^3*r25^4*r35*r45^4*t
L[113]=r12*r13^3*r14^3*r15^3*r23*r25^4*r35*r45^4*t
L[114]=r12*r13^3*r14^3*r15*r24^4*r25^3*r35*r45^4*t
L[115]=r12*r13^3*r14^3*r15*r23*r24^3*r25^3*r35*r45^4*t
L[116]=r12^3*r13*r14^3*r15*r24^3*r25*r34^4*r45^4*t
L[117]=r12^3*r13^3*r14^3*r15*r24*r25*r34^4*r45^4*t
L[118]=r12^3*r13^3*r14*r15*r23^3*r25*r34^4*r45^4*t
L[119]=r12^3*r13^3*r14^3*r15*r23*r25*r34^4*r45^4*t
L[120]=r12^3*r13*r14*r15^3*r23*r24*r25^3*r34^3*r45^4*t
L[121]=r12^3*r13*r14^3*r15*r23*r24^3*r25*r34^3*r45^4*t
L[122]=r12^3*r13^3*r14*r15*r23^3*r24*r25*r34^3*r45^4*t
L[123]=r12*r13^3*r14*r15^3*r24^3*r25^4*r34*r45^4*t
L[124]=r12*r13^3*r14^3*r15^3*r24*r25^4*r34*r45^4*t
L[125]=r12*r13*r14^3*r15^3*r23^3*r25^4*r34*r45^4*t
L[126]=r12*r13^3*r14^3*r15^3*r23*r25^4*r34*r45^4*t
L[127]=r12*r13^3*r14*r15^3*r23*r24^3*r25^3*r34*r45^4*t
L[128]=r12*r13*r14^3*r15^3*r23^3*r24*r25^3*r34*r45^4*t
L[129]=r12*r14^4*r15*r23^4*r24^4*r25*r34*r45^4*t
L[130]=r12^3*r13*r14^3*r24*r25*r34^6*r35^4*r45*t
L[131]=r12^3*r13^3*r14*r15*r23*r34^6*r35^4*r45*t
L[132]=r12^4*r13*r15^3*r23*r24*r25*r34^4*r35^4*r45*t
L[133]=r12^4*r13^4*r14*r15*r23*r34^4*r35^4*r45*t
L[134]=r13^3*r14*r15^3*r24*r25^6*r34*r35^4*r45*t
L[135]=r13^3*r14*r15^4*r23*r24*r25^4*r34*r35^4*r45*t
L[136]=r12*r13*r15^4*r23*r24^4*r25^4*r35^4*r45*t
L[137]=r13^3*r14^3*r15*r24^6*r25*r34^4*r35*r45*t
L[138]=r13^3*r14^4*r15*r23*r24^4*r25*r34^4*r35*r45*t
L[139]=r12*r13^3*r14^3*r24^6*r25^4*r34*r35*r45*t
L[140]=r12*r13^4*r15^3*r23*r24^4*r25^4*r34*r35*r45*t
L[141]=r12*r13^3*r14*r23^3*r24*r25^3*r34*r35*r45^7*t
L[142]=r12*r13^3*r15*r23^3*r24^3*r25*r34*r35*r45^7*t
L[143]=r12^4*r13*r14^3*r15^3*r23*r34*r35*r45^7*t
L[144]=r12^3*r13*r15*r23^3*r24*r25^4*r35*r45^7*t
L[145]=r12^3*r13^3*r14*r15^4*r23*r25*r35*r45^7*t
L[146]=r12^3*r13*r14*r23^3*r24^4*r25*r34*r45^7*t
L[147]=r12^3*r13^3*r14^4*r15*r23*r24*r34*r45^7*t
L[148]=r12*r13*r14*r15*r23^4*r24^3*r25^3*r45^7*t
L[149]=r12*r13^4*r14^3*r15^3*r23*r24*r25*r45^7*t
L[150]=r12^3*r14^3*r15*r23*r24*r25*r34*r35^6*r45^4*t
L[151]=r12^3*r13*r14*r23^4*r25*r34*r35^6*r45^4*t
L[152]=r12*r13^3*r14*r23*r24^3*r25^3*r34*r35^4*r45^4*t
L[153]=r12*r13*r14^3*r23^3*r24*r25^3*r34*r35^4*r45^4*t
L[154]=r12^3*r14^3*r15*r23*r24^3*r25*r34*r35^4*r45^4*t
L[155]=r12*r13^3*r14*r15^3*r24^3*r25*r34*r35^4*r45^4*t
L[156]=r12^3*r13*r14^3*r15*r24^3*r25*r34*r35^4*r45^4*t
L[157]=r12*r14^3*r15^3*r23^3*r24*r25*r34*r35^4*r45^4*t
L[158]=r12*r13^3*r14*r15^3*r23*r24^3*r34*r35^4*r45^4*t
L[159]=r12*r13*r14^3*r15^3*r23^3*r24*r34*r35^4*r45^4*t
L[160]=r12^4*r13*r14^3*r15^3*r24*r34*r35^4*r45^4*t
L[161]=r12^4*r13^3*r14*r15^3*r23*r34*r35^4*r45^4*t
L[162]=r12^3*r13*r15*r23*r24^3*r25^4*r35^4*r45^4*t
L[163]=r12^3*r14*r15*r23^3*r24*r25^4*r35^4*r45^4*t
L[164]=r12^3*r13*r14*r23*r24^4*r25^3*r35^4*r45^4*t
L[165]=r12^3*r13*r14*r23^4*r24*r25^3*r35^4*r45^4*t
L[166]=r12^3*r13*r14*r15^3*r23*r24*r25^3*r35^4*r45^4*t
L[167]=r12^3*r13*r14^3*r15*r23*r24^3*r25*r35^4*r45^4*t
L[168]=r12^3*r13^3*r14*r15*r23^3*r24*r25*r35^4*r45^4*t
L[169]=r12^3*r13^3*r14*r15^4*r24*r25*r35^4*r45^4*t
L[170]=r12^3*r13*r14^3*r15^4*r23*r25*r35^4*r45^4*t
L[171]=r12^3*r13*r14^4*r15^3*r23*r24*r35^4*r45^4*t
L[172]=r12^3*r13^4*r14*r15^3*r23*r24*r35^4*r45^4*t
L[173]=r12^3*r14*r15^3*r23*r24*r25*r34^6*r35*r45^4*t
L[174]=r12^3*r13*r15*r23^4*r24*r34^6*r35*r45^4*t
L[175]=r12*r13^3*r14^3*r24^4*r25*r34^4*r35*r45^4*t
L[176]=r12*r13*r14^3*r23^3*r24^3*r25*r34^4*r35*r45^4*t
L[177]=r12^4*r13*r14^3*r24^3*r25*r34^4*r35*r45^4*t
L[178]=r12^4*r13^3*r14*r23^3*r25*r34^4*r35*r45^4*t
L[179]=r12*r13^3*r14^3*r15*r24^4*r34^4*r35*r45^4*t
L[180]=r12*r13^3*r14^3*r15*r23*r24^3*r34^4*r35*r45^4*t
L[181]=r12^4*r13^3*r14^3*r15*r24*r34^4*r35*r45^4*t
L[182]=r12^4*r13^3*r14^3*r15*r23*r34^4*r35*r45^4*t
L[183]=r13*r14^3*r23^3*r24^4*r25^4*r34*r35*r45^4*t
L[184]=r13^3*r14^3*r23*r24^4*r25^4*r34*r35*r45^4*t
L[185]=r13^3*r14*r23^4*r24^3*r25^4*r34*r35*r45^4*t
L[186]=r14^3*r15^3*r23^4*r24*r25^4*r34*r35*r45^4*t
L[187]=r13^3*r15*r23^4*r24^4*r25^3*r34*r35*r45^4*t
L[188]=r13^4*r14*r15*r23^3*r24^3*r25^3*r34*r35*r45^4*t
L[189]=r12*r13*r14^3*r23^3*r24^4*r25^4*r35*r45^4*t
L[190]=r12*r13^3*r14^3*r23*r24^4*r25^4*r35*r45^4*t
L[191]=r12*r14^3*r15^3*r23^4*r24*r25^4*r35*r45^4*t
L[192]=r12*r13^3*r15*r23^4*r24^4*r25^3*r35*r45^4*t
L[193]=r12^3*r14*r15*r23^3*r24^4*r25*r34^4*r45^4*t
L[194]=r12^3*r14^3*r15*r23*r24^4*r25*r34^4*r45^4*t
L[195]=r12^3*r13*r15*r23^4*r24^3*r25*r34^4*r45^4*t
L[196]=r12^3*r13^3*r15*r23^4*r24*r25*r34^4*r45^4*t
L[197]=r12*r13*r14^3*r23^3*r24^4*r25^4*r34*r45^4*t
L[198]=r12*r13^3*r14^3*r23*r24^4*r25^4*r34*r45^4*t
L[199]=r12*r13^3*r14*r23^4*r24^3*r25^4*r34*r45^4*t
L[200]=r12*r14^3*r15^3*r23^4*r24*r25^4*r34*r45^4*t
L[201]=r12*r13*r14^3*r23*r24^3*r25^3*r34*r35^7*r45*t
L[202]=r12^4*r13^3*r14*r15^3*r24*r34*r35^7*r45*t
L[203]=r12^3*r14*r15*r23*r24^3*r25^4*r35^7*r45*t
L[204]=r12^3*r13*r14^3*r15^4*r24*r25*r35^7*r45*t
L[205]=r12^3*r13*r15^3*r23*r24*r25*r34^6*r35^4*r45*t
L[206]=r12^3*r14*r15*r23*r24^4*r34^6*r35^4*r45*t
L[207]=r12^4*r13^3*r14^3*r15*r25*r34^7*r35*r45*t
L[208]=r12*r13^3*r14^3*r15^4*r25^7*r34*r35*r45*t
L[209]=r12*r13^3*r15^3*r23*r24^6*r25^4*r34*r35*r45*t
L[210]=r12^3*r13*r14*r23^3*r24*r25*r34*r35^4*r45^7*t
L[211]=r12^3*r14^4*r15*r23*r24*r34*r35^4*r45^7*t
L[212]=r12*r13*r14*r15*r23^4*r25^3*r35^4*r45^7*t
L[213]=r12*r13^4*r15^3*r23*r24*r25*r35^4*r45^7*t
L[214]=r12^3*r13*r15*r23^3*r24*r25*r34^4*r35*r45^7*t
L[215]=r12^3*r14*r15^4*r23*r25*r34^4*r35*r45^7*t
L[216]=r12^4*r13*r15^3*r23*r25^4*r34*r35*r45^7*t
L[217]=r12*r14*r15^4*r23^3*r24*r25^3*r34*r35*r45^7*t
L[218]=r12*r14^4*r15*r23^3*r24^3*r25*r34*r35*r45^7*t
L[219]=r12^4*r13*r14^3*r23*r24^4*r34*r35*r45^7*t
L[220]=r13*r14^4*r15*r23^3*r24*r25^4*r35*r45^7*t
L[221]=r12^3*r13*r14*r23^3*r24^3*r25^3*r35*r45^7*t
L[222]=r13^3*r14*r15^4*r23*r24^4*r25*r35*r45^7*t
L[223]=r12^3*r13^3*r14^3*r15^3*r23*r24*r35*r45^7*t
L[224]=r12*r13^4*r14^3*r23*r24*r25*r34^4*r45^7*t
L[225]=r12*r13*r14*r15*r23^4*r24^3*r34^4*r45^7*t
L[226]=r13^3*r14^4*r15*r23*r24*r25^4*r34*r45^7*t
L[227]=r12^3*r13*r15*r23^3*r24^3*r25^3*r34*r45^7*t
L[228]=r13*r14*r15^4*r23^3*r24^4*r25*r34*r45^7*t
L[229]=r12^3*r13^3*r14^3*r15^3*r23*r25*r34*r45^7*t
L[230]=r12*r13^3*r14*r15^3*r24^3*r25^4*r45^7*t
L[231]=r12*r13^3*r14^3*r15*r24^4*r25^3*r45^7*t
L[232]=r12*r14^4*r23*r24*r25*r34^4*r35^6*r45^4*t
L[233]=r12*r13*r14*r15*r24^4*r34^4*r35^6*r45^4*t
L[234]=r13^4*r15*r23*r24*r25^4*r34*r35^6*r45^4*t
L[235]=r12^3*r15*r23*r24^3*r25^3*r34*r35^6*r45^4*t
L[236]=r12^3*r13^3*r15^3*r24*r25*r34*r35^6*r45^4*t
L[237]=r13*r14*r15^4*r23^4*r25*r34*r35^6*r45^4*t
L[238]=r12^3*r13*r14^3*r15^3*r24*r34*r35^6*r45^4*t
L[239]=r12^3*r13^3*r14*r15*r23^3*r34*r35^6*r45^4*t
L[240]=r12^3*r13^3*r14*r15^3*r23*r34*r35^6*r45^4*t
L[241]=r12*r14^3*r15^3*r23*r25^4*r35^6*r45^4*t
L[242]=r12*r13^3*r15*r23*r24^3*r25^3*r35^6*r45^4*t
L[243]=r12^3*r13*r15*r23*r24^3*r25^3*r35^6*r45^4*t
L[244]=r12*r13^3*r14*r23*r24^3*r25^3*r35^6*r45^4*t
L[245]=r12^3*r13*r14*r23*r24^3*r25^3*r35^6*r45^4*t
L[246]=r12^3*r13*r14*r15^3*r24*r25^3*r35^6*r45^4*t
L[247]=r12^3*r13^3*r14*r15^3*r24*r25*r35^6*r45^4*t
L[248]=r12*r13*r14^3*r15^3*r23^3*r25*r35^6*r45^4*t
L[249]=r12^3*r13*r14^3*r15^3*r23*r25*r35^6*r45^4*t
L[250]=r12*r13*r14^3*r15^3*r23^3*r24*r35^6*r45^4*t
L[251]=r12^3*r13^3*r14*r15*r23^3*r24*r35^6*r45^4*t
L[252]=r12^3*r13*r14^3*r15^3*r23*r24*r35^6*r45^4*t
L[253]=r12^3*r13^3*r14*r15^3*r23*r24*r35^6*r45^4*t
L[254]=r12*r13*r14*r15*r24^3*r25*r34^6*r35^4*r45^4*t
L[255]=r12*r14^3*r15*r23*r24*r25*r34^6*r35^4*r45^4*t
L[256]=r12^3*r13*r14^3*r24*r34^6*r35^4*r45^4*t
L[257]=r12^3*r13^3*r14*r23*r34^6*r35^4*r45^4*t
L[258]=r12^3*r14*r15*r24^4*r25*r34^4*r35^4*r45^4*t
L[259]=r12^3*r13*r15*r23*r24^3*r25*r34^4*r35^4*r45^4*t
L[260]=r12^3*r14*r15*r23^3*r24*r25*r34^4*r35^4*r45^4*t
L[261]=r12^3*r14*r15^4*r24*r25*r34^4*r35^4*r45^4*t
L[262]=r12^3*r14^4*r15*r24*r25*r34^4*r35^4*r45^4*t
L[263]=r12^3*r13^3*r14*r15*r24*r25*r34^4*r35^4*r45^4*t
L[264]=r12^3*r13*r15*r23^4*r25*r34^4*r35^4*r45^4*t
L[265]=r12^3*r13*r15^4*r23*r25*r34^4*r35^4*r45^4*t
L[266]=r12^3*r13*r14^3*r15*r23*r25*r34^4*r35^4*r45^4*t
L[267]=r12^3*r13^4*r15*r23*r25*r34^4*r35^4*r45^4*t
L[268]=r12^3*r13*r14*r23*r24^4*r34^4*r35^4*r45^4*t
L[269]=r12^3*r13*r14*r23^4*r24*r34^4*r35^4*r45^4*t
L[270]=r12^3*r13*r14*r15^3*r23*r24*r34^4*r35^4*r45^4*t
L[271]=r12^3*r13*r14^4*r23*r24*r34^4*r35^4*r45^4*t
L[272]=r12^3*r13^4*r14*r23*r24*r34^4*r35^4*r45^4*t
L[273]=r12^4*r15*r23*r24*r25^6*r34*r35^4*r45^4*t
L[274]=r12*r13*r14^3*r24^4*r25^4*r34*r35^4*r45^4*t
L[275]=r12^4*r15*r23*r24^3*r25^4*r34*r35^4*r45^4*t
L[276]=r12^4*r15*r23^3*r24*r25^4*r34*r35^4*r45^4*t
L[277]=r12*r13^3*r15^4*r24*r25^4*r34*r35^4*r45^4*t
L[278]=r12*r13*r14^3*r15^3*r24*r25^4*r34*r35^4*r45^4*t
L[279]=r12*r13^4*r15^3*r24*r25^4*r34*r35^4*r45^4*t
L[280]=r12^4*r13*r15^3*r24*r25^4*r34*r35^4*r45^4*t
L[281]=r12*r13^3*r14*r23^4*r25^4*r34*r35^4*r45^4*t
L[282]=r12*r14^3*r15^4*r23*r25^4*r34*r35^4*r45^4*t
L[283]=r12*r14^4*r15^3*r23*r25^4*r34*r35^4*r45^4*t
L[284]=r12*r13^3*r14*r15^3*r23*r25^4*r34*r35^4*r45^4*t
L[285]=r12^4*r14*r15^3*r23*r25^4*r34*r35^4*r45^4*t
L[286]=r12^4*r14*r23*r24^4*r25^3*r34*r35^4*r45^4*t
L[287]=r12*r14*r15^4*r23*r24^3*r25^3*r34*r35^4*r45^4*t
L[288]=r12^4*r13*r23^4*r24*r25^3*r34*r35^4*r45^4*t
L[289]=r12*r13*r15^4*r23^3*r24*r25^3*r34*r35^4*r45^4*t
L[290]=r13^3*r14*r15^3*r24*r25^6*r35^4*r45^4*t
L[291]=r13*r14^3*r15^3*r23*r25^6*r35^4*r45^4*t
L[292]=r13*r14^4*r15*r23*r24^3*r25^4*r35^4*r45^4*t
L[293]=r13^4*r14*r15*r23^3*r24*r25^4*r35^4*r45^4*t
L[294]=r13*r14^3*r15^4*r23*r24*r25^4*r35^4*r45^4*t
L[295]=r13^3*r14*r15^4*r23*r24*r25^4*r35^4*r45^4*t
L[296]=r13*r14^4*r15^3*r23*r24*r25^4*r35^4*r45^4*t
L[297]=r13^4*r14*r15^3*r23*r24*r25^4*r35^4*r45^4*t
L[298]=r13*r14*r15^4*r23*r24^4*r25^3*r35^4*r45^4*t
L[299]=r13*r14*r15^4*r23^4*r24*r25^3*r35^4*r45^4*t
L[300]=r13^4*r14*r23*r24^4*r25*r34^6*r35*r45^4*t
L[301]=r12^3*r13*r14^3*r24^3*r25*r34^6*r35*r45^4*t
L[302]=r12^3*r13^3*r14^3*r24*r25*r34^6*r35*r45^4*t
L[303]=r13*r14^4*r15*r23^4*r24*r34^6*r35*r45^4*t
L[304]=r12^3*r13^3*r14*r15*r23^3*r34^6*r35*r45^4*t
L[305]=r12^3*r13^3*r14^3*r15*r23*r34^6*r35*r45^4*t
L[306]=r12*r13^3*r14^3*r15*r23*r25^4*r34^4*r35*r45^4*t
L[307]=r12^4*r14*r23*r24^6*r25*r34^4*r35*r45^4*t
L[308]=r12*r13^3*r23^4*r24^4*r25*r34^4*r35*r45^4*t
L[309]=r12^4*r14*r23^3*r24^4*r25*r34^4*r35*r45^4*t
L[310]=r12^4*r14^3*r23*r24^4*r25*r34^4*r35*r45^4*t
L[311]=r12^4*r13*r23^4*r24^3*r25*r34^4*r35*r45^4*t
L[312]=r12*r13*r15^4*r23^3*r24^3*r25*r34^4*r35*r45^4*t
L[313]=r12^4*r13^3*r23^4*r24*r25*r34^4*r35*r45^4*t
L[314]=r12*r13^3*r15*r23^4*r24^4*r34^4*r35*r45^4*t
L[315]=r12^4*r14^3*r15*r23*r24^4*r34^4*r35*r45^4*t
L[316]=r12^4*r13^3*r15*r23^4*r24*r34^4*r35*r45^4*t
L[317]=r12^4*r13^4*r14*r15*r23^3*r34^4*r35*r45^4*t
L[318]=r13*r14^4*r23*r24^4*r25^6*r34*r35*r45^4*t
L[319]=r13^3*r14^3*r15^3*r24*r25^6*r34*r35*r45^4*t
L[320]=r13*r14^3*r15*r23*r24^6*r25^4*r34*r35*r45^4*t
L[321]=r13^3*r14^3*r24^6*r25^4*r34*r35*r45^4*t
L[322]=r13^3*r15^4*r23*r24^4*r25^4*r34*r35*r45^4*t
L[323]=r13^4*r15^3*r23*r24^4*r25^4*r34*r35*r45^4*t
L[324]=r12*r13^3*r14^3*r24^6*r25^4*r35*r45^4*t
L[325]=r12*r13*r15^4*r23^3*r24^4*r25^4*r35*r45^4*t
L[326]=r12*r13^3*r15^4*r23*r24^4*r25^4*r35*r45^4*t
L[327]=r12*r13^4*r15^3*r23*r24^4*r25^4*r35*r45^4*t
L[328]=r12*r14^4*r15*r23^4*r24^4*r25^3*r35*r45^4*t
L[329]=r13^3*r14^3*r15*r24^6*r25*r34^4*r45^4*t
L[330]=r13^4*r14*r15*r23^3*r24^4*r25*r34^4*r45^4*t
L[331]=r13^3*r14^4*r15*r23*r24^4*r25*r34^4*r45^4*t
L[332]=r13^4*r14^3*r15*r23*r24^4*r25*r34^4*r45^4*t
L[333]=r13*r14^4*r15*r23^4*r24^3*r25*r34^4*r45^4*t
L[334]=r12*r13^3*r14^3*r24^6*r25^4*r34*r45^4*t
L[335]=r12*r13*r15^4*r23^3*r24^4*r25^4*r34*r45^4*t
L[336]=r12*r13^3*r15^4*r23*r24^4*r25^4*r34*r45^4*t
L[337]=r12*r13^4*r15^3*r23*r24^4*r25^4*r34*r45^4*t
L[338]=r12*r14*r15^4*r23^4*r24^3*r25^4*r34*r45^4*t
L[339]=r12^3*r14*r15*r23*r24^3*r25*r34^4*r35^7*r45*t
L[340]=r12^3*r13*r15^4*r24*r25*r34^4*r35^7*r45*t
L[341]=r12^4*r14*r15^3*r24*r25^4*r34*r35^7*r45*t
L[342]=r12*r13*r15^4*r23*r24^3*r25^3*r34*r35^7*r45*t
L[343]=r12^4*r13^3*r14*r23^4*r24*r34*r35^7*r45*t
L[344]=r13^4*r14*r15*r23*r24^3*r25^4*r35^7*r45*t
L[345]=r13*r14^3*r15^4*r23^4*r24*r25*r35^7*r45*t
L[346]=r13*r14^4*r23^4*r24*r25*r34^6*r35^4*r45*t
L[347]=r13^4*r14*r15*r23*r24^4*r34^6*r35^4*r45*t
L[348]=r12^4*r13*r23^6*r24*r25*r34^4*r35^4*r45*t
L[349]=r13^4*r14*r23^4*r24*r25^6*r34*r35^4*r45*t
L[350]=r13^3*r14*r15*r23^6*r24*r25^4*r34*r35^4*r45*t
L[351]=r12^4*r14^3*r15*r24^4*r25*r34^7*r35*r45*t
L[352]=r12^4*r13^3*r15*r23^4*r25*r34^7*r35*r45*t
L[353]=r13^4*r15*r23^4*r24^6*r25*r34^4*r35*r45*t
L[354]=r13^3*r14*r15*r23^6*r24^4*r25*r34^4*r35*r45*t
L[355]=r12*r13^3*r15^4*r24^4*r25^7*r34*r35*r45*t
L[356]=r12*r14^3*r15^4*r23^4*r25^7*r34*r35*r45*t
L[357]=r12*r14^4*r23^4*r24^6*r25^4*r34*r35*r45*t
L[358]=r12*r13^4*r23^6*r24^4*r25^4*r34*r35*r45*t
L[359]=r12*r13^3*r15*r23^3*r25*r34*r35^6*r45^7*t
L[360]=r12*r13^4*r23*r24*r25*r34^4*r35^4*r45^7*t
L[361]=r12*r13*r14*r15*r23^4*r34^4*r35^4*r45^7*t
L[362]=r13^3*r14*r15*r23*r24*r25^4*r34*r35^4*r45^7*t
L[363]=r13*r14*r15^4*r23^3*r24*r25*r34*r35^4*r45^7*t
L[364]=r12^3*r13^3*r15^3*r23*r25*r34*r35^4*r45^7*t
L[365]=r12^3*r13*r14^3*r15*r24^3*r34*r35^4*r45^7*t
L[366]=r12*r13^3*r15*r23^3*r24*r25^3*r35^4*r45^7*t
L[367]=r12*r13^3*r14*r15^3*r24^3*r25*r35^4*r45^7*t
L[368]=r12*r13^3*r14*r23^3*r24*r34^6*r35*r45^7*t
L[369]=r13^3*r14*r15*r23*r24^4*r25*r34^4*r35*r45^7*t
L[370]=r13*r14^4*r15*r23^3*r24*r25*r34^4*r35*r45^7*t
L[371]=r12^3*r13^3*r15*r23^3*r25*r34^4*r35*r45^7*t
L[372]=r12^3*r13*r14*r23^3*r24^3*r34^4*r35*r45^7*t
L[373]=r12^3*r13^3*r14*r23^3*r24*r34^4*r35*r45^7*t
L[374]=r12^3*r13^3*r14^3*r23*r24*r34^4*r35*r45^7*t
L[375]=r12^4*r13*r14^3*r23*r24^3*r34^3*r35*r45^7*t
L[376]=r12^4*r13*r23*r24^4*r25^4*r34*r35*r45^7*t
L[377]=r12*r14^3*r15^3*r23^3*r25^4*r34*r35*r45^7*t
L[378]=r12*r14^3*r15^3*r23^3*r24*r25^3*r34*r35*r45^7*t
L[379]=r12*r13*r14^3*r15^3*r23^3*r25^3*r34*r35*r45^7*t
L[380]=r13^3*r14^3*r15*r24^4*r25^4*r35*r45^7*t
L[381]=r13^3*r14*r15^4*r24^3*r25^4*r35*r45^7*t
L[382]=r13*r14^3*r15^3*r23^3*r24*r25^4*r35*r45^7*t
L[383]=r13^3*r14^3*r15^3*r23*r24*r25^4*r35*r45^7*t
L[384]=r13*r14*r15^4*r23^3*r24^3*r25^3*r35*r45^7*t
L[385]=r13^3*r14*r15^4*r23*r24^3*r25^3*r35*r45^7*t
L[386]=r12*r13^3*r14*r23^3*r24^3*r25*r34^4*r45^7*t
L[387]=r12*r13^3*r14^3*r15*r24^4*r34^4*r45^7*t
L[388]=r13^3*r14*r15^3*r24^4*r25^4*r34*r45^7*t
L[389]=r13*r14^3*r15^3*r23^3*r24*r25^4*r34*r45^7*t
L[390]=r13^3*r14^3*r15^3*r23*r24*r25^4*r34*r45^7*t
L[391]=r13^3*r14^4*r15*r24^4*r25^3*r34*r45^7*t
L[392]=r13*r14^4*r15*r23^3*r24^3*r25^3*r34*r45^7*t
L[393]=r13^3*r14^4*r15*r23*r24^3*r25^3*r34*r45^7*t
L[394]=r12*r13^4*r14^3*r15^3*r24*r25^4*r45^7*t
L[395]=r12*r13^4*r14^3*r15^3*r23*r25^4*r45^7*t
L[396]=r13*r14^3*r23*r24^3*r25^3*r34*r35^7*r45^4*t
L[397]=r12*r14^3*r23*r24^3*r25^3*r34*r35^7*r45^4*t
L[398]=r12*r13*r14^3*r24^3*r25^3*r34*r35^7*r45^4*t
L[399]=r12^4*r13^3*r15^3*r24*r34*r35^7*r45^4*t
L[400]=r12^4*r13^3*r14*r15^3*r34*r35^7*r45^4*t
L[401]=r12^3*r15*r23*r24^3*r25^4*r35^7*r45^4*t
L[402]=r12^3*r14*r23*r24^3*r25^4*r35^7*r45^4*t
L[403]=r12^3*r14*r15*r24^3*r25^4*r35^7*r45^4*t
L[404]=r12^3*r14^3*r15^4*r24*r25*r35^7*r45^4*t
L[405]=r12^3*r13*r14^3*r15^4*r25*r35^7*r45^4*t
L[406]=r12^3*r13*r14^3*r15^4*r24*r35^7*r45^4*t
L[407]=r12^4*r13^3*r14*r15^3*r24*r35^7*r45^4*t
L[408]=r12*r14^3*r23*r24*r25*r34^6*r35^6*r45^4*t
L[409]=r12*r13*r14*r15*r24^3*r34^6*r35^6*r45^4*t
L[410]=r12^3*r14*r15^3*r24*r25*r34^4*r35^6*r45^4*t
L[411]=r12*r13*r14^3*r23^3*r25*r34^4*r35^6*r45^4*t
L[412]=r12*r13^3*r15*r23*r24^3*r34^4*r35^6*r45^4*t
L[413]=r12^3*r13^3*r14*r23*r24*r34^4*r35^6*r45^4*t
L[414]=r12^3*r13*r14*r15^3*r24*r34^4*r35^6*r45^4*t
L[415]=r12^3*r13^3*r14*r15*r24*r34^4*r35^6*r45^4*t
L[416]=r12^3*r15*r23*r24*r25^6*r34*r35^6*r45^4*t
L[417]=r12^3*r15*r23^3*r24*r25^4*r34*r35^6*r45^4*t
L[418]=r12^3*r15^3*r23*r24*r25^4*r34*r35^6*r45^4*t
L[419]=r12*r13^3*r15^3*r24*r25^4*r34*r35^6*r45^4*t
L[420]=r12^3*r13*r15^3*r24*r25^4*r34*r35^6*r45^4*t
L[421]=r12^3*r14*r15*r23^3*r25^4*r34*r35^6*r45^4*t
L[422]=r12^3*r14*r23*r24^4*r25^3*r34*r35^6*r45^4*t
L[423]=r12^3*r14*r15*r24^4*r25^3*r34*r35^6*r45^4*t
L[424]=r13^4*r15*r23*r24^3*r25^3*r34*r35^6*r45^4*t
L[425]=r12^3*r13*r15^3*r23*r24*r25^3*r34*r35^6*r45^4*t
L[426]=r13^3*r14*r15^3*r23*r24^3*r25*r34*r35^6*r45^4*t
L[427]=r12^3*r13*r14^3*r23*r24^3*r25*r34*r35^6*r45^4*t
L[428]=r12^3*r13^3*r23^4*r24*r25*r34*r35^6*r45^4*t
L[429]=r12^3*r14^4*r15^3*r24*r25*r34*r35^6*r45^4*t
L[430]=r13*r14^3*r15^3*r23^4*r25*r34*r35^6*r45^4*t
L[431]=r13*r14^3*r15^3*r23^4*r24*r34*r35^6*r45^4*t
L[432]=r13*r14^3*r23*r24^4*r25^4*r35^6*r45^4*t
L[433]=r12*r14^3*r23*r24^4*r25^4*r35^6*r45^4*t
L[434]=r12*r13*r14^3*r24^4*r25^4*r35^6*r45^4*t
L[435]=r13*r14^3*r15^3*r23*r24*r25^4*r35^6*r45^4*t
L[436]=r12^3*r14*r15^3*r23*r24*r25^4*r35^6*r45^4*t
L[437]=r12*r13*r14^3*r15^3*r24*r25^4*r35^6*r45^4*t
L[438]=r13*r14*r15^4*r23*r24^3*r25^3*r35^6*r45^4*t
L[439]=r12*r14*r15^4*r23*r24^3*r25^3*r35^6*r45^4*t
L[440]=r13*r14^4*r15*r23*r24^3*r25^3*r35^6*r45^4*t
L[441]=r12*r14^4*r15*r23*r24^3*r25^3*r35^6*r45^4*t
L[442]=r12^3*r13^3*r14*r23^4*r24*r25*r35^6*r45^4*t
L[443]=r12^3*r14^3*r15*r24*r25*r34^6*r35^4*r45^4*t
L[444]=r12^3*r13^3*r15*r23*r25*r34^6*r35^4*r45^4*t
L[445]=r12^3*r13*r14^3*r15*r25*r34^6*r35^4*r45^4*t
L[446]=r12^3*r13^3*r14*r15*r25*r34^6*r35^4*r45^4*t
L[447]=r12*r13^3*r14*r23*r24^3*r34^6*r35^4*r45^4*t
L[448]=r12*r13*r14^3*r23^3*r24*r34^6*r35^4*r45^4*t
L[449]=r13*r14^4*r23*r24*r25^4*r34^4*r35^4*r45^4*t
L[450]=r13^4*r14*r23*r24*r25^4*r34^4*r35^4*r45^4*t
L[451]=r12^3*r13*r14*r23*r24*r25^4*r34^4*r35^4*r45^4*t
L[452]=r13*r14^3*r15*r23*r24^4*r25*r34^4*r35^4*r45^4*t
L[453]=r13^4*r15*r23*r24^4*r25*r34^4*r35^4*r45^4*t
L[454]=r13^4*r14*r15*r24^4*r25*r34^4*r35^4*r45^4*t
L[455]=r13*r14^4*r15*r23*r24^3*r25*r34^4*r35^4*r45^4*t
L[456]=r14^4*r15*r23^4*r24*r25*r34^4*r35^4*r45^4*t
L[457]=r13^3*r14*r15*r23^4*r24*r25*r34^4*r35^4*r45^4*t
L[458]=r13^4*r14*r15*r23^3*r24*r25*r34^4*r35^4*r45^4*t
L[459]=r13*r14^4*r15*r23^4*r25*r34^4*r35^4*r45^4*t
L[460]=r13*r14*r15^4*r23*r24^4*r34^4*r35^4*r45^4*t
L[461]=r13*r14*r15^4*r23^4*r24*r34^4*r35^4*r45^4*t
L[462]=r12*r13^3*r15^3*r24*r25^6*r34*r35^4*r45^4*t
L[463]=r12*r14^3*r15^3*r23*r25^6*r34*r35^4*r45^4*t
L[464]=r12*r13*r14^3*r15^3*r25^6*r34*r35^4*r45^4*t
L[465]=r12*r13^3*r14*r15^3*r25^6*r34*r35^4*r45^4*t
L[466]=r12*r14^3*r15*r23*r24^4*r25^4*r34*r35^4*r45^4*t
L[467]=r12*r14^4*r23*r24^4*r25^4*r34*r35^4*r45^4*t
L[468]=r12*r13*r15^4*r24^4*r25^4*r34*r35^4*r45^4*t
L[469]=r12*r14^3*r15*r23^4*r24*r25^4*r34*r35^4*r45^4*t
L[470]=r12*r13^4*r23^4*r24*r25^4*r34*r35^4*r45^4*t
L[471]=r12^4*r15^4*r23*r24*r25^4*r34*r35^4*r45^4*t
L[472]=r12*r14*r15^4*r23^4*r25^4*r34*r35^4*r45^4*t
L[473]=r12^4*r13^3*r14^3*r25*r34^7*r35*r45^4*t
L[474]=r12^4*r13^3*r14^3*r15*r34^7*r35*r45^4*t
L[475]=r12^3*r14*r23*r24^6*r25*r34^6*r35*r45^4*t
L[476]=r12^3*r14*r23^3*r24^4*r25*r34^6*r35*r45^4*t
L[477]=r12^3*r14^3*r23*r24^4*r25*r34^6*r35*r45^4*t
L[478]=r12^3*r13*r23^4*r24^3*r25*r34^6*r35*r45^4*t
L[479]=r12^3*r13^3*r23^4*r24*r25*r34^6*r35*r45^4*t
L[480]=r12^3*r14*r15*r23^3*r24^4*r34^6*r35*r45^4*t
L[481]=r12^3*r14^3*r15*r23*r24^4*r34^6*r35*r45^4*t
L[482]=r12*r14^4*r23^4*r24^4*r25*r34^4*r35*r45^4*t
L[483]=r12*r14^4*r15*r23^4*r24^4*r34^4*r35*r45^4*t
L[484]=r13^3*r14^3*r15^4*r25^7*r34*r35*r45^4*t
L[485]=r13*r14^3*r23*r24^6*r25^6*r34*r35*r45^4*t
L[486]=r13^3*r15^3*r23*r24^6*r25^4*r34*r35*r45^4*t
L[487]=r14^4*r15*r23^4*r24^4*r25^4*r34*r35*r45^4*t
L[488]=r12*r13^3*r14^3*r15^4*r25^7*r35*r45^4*t
L[489]=r12*r13^3*r15^3*r23*r24^6*r25^4*r35*r45^4*t
L[490]=r12^4*r13^3*r14^3*r15*r25*r34^7*r45^4*t
L[491]=r12*r13^3*r14^3*r15^4*r25^7*r34*r45^4*t
L[492]=r12*r13^3*r15^3*r23*r24^6*r25^4*r34*r45^4*t
L[493]=r12*r13*r14^3*r23*r24^3*r34^6*r35^7*r45*t
L[494]=r13^4*r14*r15*r23*r24^3*r25*r34^4*r35^7*r45*t
L[495]=r13*r14^3*r15*r23^4*r24*r25*r34^4*r35^7*r45*t
L[496]=r12^4*r14*r23^4*r24*r25^4*r34*r35^7*r45*t
L[497]=r12^3*r13*r23^6*r24*r25*r34^6*r35^4*r45*t
L[498]=r13^3*r14*r23^6*r24*r25^6*r34*r35^4*r45*t
L[499]=r12^4*r15*r23^4*r24^4*r25*r34^7*r35*r45*t
L[500]=r13^3*r15*r23^6*r24^6*r25*r34^4*r35*r45*t
L[501]=r12*r14^3*r15*r23^4*r24^4*r25^7*r34*r35*r45*t
L[502]=r12*r13^3*r23^6*r24^6*r25^4*r34*r35*r45*t
L[503]=r12*r13^3*r15*r24^4*r25*r34*r35^6*r45^7*t
L[504]=r12*r14^4*r15*r23^3*r25*r34*r35^6*r45^7*t
L[505]=r12^3*r13*r14*r15^3*r25^3*r35^6*r45^7*t
L[506]=r12^3*r13^3*r15^3*r23*r24*r35^6*r45^7*t
L[507]=r12*r13^3*r14*r23^3*r25*r34^4*r35^4*r45^7*t
L[508]=r12*r13^3*r15*r23^3*r24*r34^4*r35^4*r45^7*t
L[509]=r12^3*r13*r15*r23^3*r25^4*r34*r35^4*r45^7*t
L[510]=r12^3*r14*r15*r23^3*r24*r25^3*r34*r35^4*r45^7*t
L[511]=r12^3*r13*r15*r23^4*r25^3*r34*r35^4*r45^7*t
L[512]=r12^3*r13*r14*r24^6*r25*r34*r35^4*r45^7*t
L[513]=r12^3*r14^3*r23*r24^4*r25*r34*r35^4*r45^7*t
L[514]=r13*r14^3*r15^3*r23^3*r24*r25*r34*r35^4*r45^7*t
L[515]=r12^3*r14^4*r15^3*r23*r25*r34*r35^4*r45^7*t
L[516]=r12*r13^4*r15^3*r24*r25^4*r35^4*r45^7*t
L[517]=r12*r13^3*r14*r15^3*r23*r25^4*r35^4*r45^7*t
L[518]=r12*r14^4*r15*r23^3*r24*r25^3*r35^4*r45^7*t
L[519]=r12*r13^3*r14*r24*r25^4*r34^6*r35*r45^7*t
L[520]=r12*r14*r15^4*r23^3*r24*r34^6*r35*r45^7*t
L[521]=r12^3*r13*r15*r24*r25^6*r34^4*r35*r45^7*t
L[522]=r13^3*r14^3*r23*r24*r25^4*r34^4*r35*r45^7*t
L[523]=r12^3*r14*r15^3*r24*r25^4*r34^4*r35*r45^7*t
L[524]=r12^3*r13*r15^3*r24*r25^4*r34^4*r35*r45^7*t
L[525]=r12^3*r13*r14*r15^3*r25^4*r34^4*r35*r45^7*t
L[526]=r12^3*r15^4*r23*r24*r25^3*r34^4*r35*r45^7*t
L[527]=r12^3*r14*r15^4*r24*r25^3*r34^4*r35*r45^7*t
L[528]=r12^3*r14^3*r15*r24^4*r25*r34^4*r35*r45^7*t
L[529]=r12^3*r14*r15*r23^3*r24^3*r25*r34^4*r35*r45^7*t
L[530]=r12^3*r14^3*r15*r23*r24^3*r25*r34^4*r35*r45^7*t
L[531]=r12^3*r14^4*r15*r24^3*r25*r34^4*r35*r45^7*t
L[532]=r13*r14*r15^4*r23^3*r24^3*r34^4*r35*r45^7*t
L[533]=r12^4*r15^3*r23*r24*r25^4*r34^3*r35*r45^7*t
L[534]=r12^4*r13*r15^3*r24*r25^4*r34^3*r35*r45^7*t
L[535]=r12^4*r14*r15^4*r23*r25^3*r34^3*r35*r45^7*t
L[536]=r12^4*r13*r15^4*r23*r25^3*r34^3*r35*r45^7*t
L[537]=r12^4*r13*r14*r15^4*r25^3*r34^3*r35*r45^7*t
L[538]=r12^3*r13*r14^3*r15*r24^4*r25*r34^3*r35*r45^7*t
L[539]=r12^3*r14^4*r15*r23*r24^3*r25*r34^3*r35*r45^7*t
L[540]=r12^3*r13^4*r15*r23^3*r24*r25*r34^3*r35*r45^7*t
L[541]=r12^4*r13^3*r15*r23^3*r24*r25*r34^3*r35*r45^7*t
L[542]=r12^3*r13^3*r14*r15*r23^4*r25*r34^3*r35*r45^7*t
L[543]=r12^4*r13^3*r14*r15*r23^3*r25*r34^3*r35*r45^7*t
L[544]=r12*r13^3*r14^3*r24^4*r25^4*r34*r35*r45^7*t
L[545]=r12^4*r15*r23^3*r24^3*r25^4*r34*r35*r45^7*t
L[546]=r12^4*r13*r23^3*r24^3*r25^4*r34*r35*r45^7*t
L[547]=r12*r13^3*r15^3*r23*r24^3*r25^4*r34*r35*r45^7*t
L[548]=r12*r13^3*r15^4*r24^3*r25^4*r34*r35*r45^7*t
L[549]=r12*r13^4*r15^3*r24^3*r25^4*r34*r35*r45^7*t
L[550]=r12*r13^3*r14^3*r15*r24^3*r25^4*r34*r35*r45^7*t
L[551]=r12^4*r14*r23^3*r24^4*r25^3*r34*r35*r45^7*t
L[552]=r12^4*r13*r23^3*r24^4*r25^3*r34*r35*r45^7*t
L[553]=r12*r13^3*r14^3*r23*r24^4*r25^3*r34*r35*r45^7*t
L[554]=r12*r13^3*r14*r15^3*r24^4*r25^3*r34*r35*r45^7*t
L[555]=r12*r13^3*r14^4*r24^4*r25^3*r34*r35*r45^7*t
L[556]=r12*r13^4*r14^3*r24^4*r25^3*r34*r35*r45^7*t
L[557]=r12*r13*r14^3*r23^4*r24^3*r25^3*r34*r35*r45^7*t
L[558]=r12^4*r13*r23^4*r24^3*r25^3*r34*r35*r45^7*t
L[559]=r12*r13^4*r15^3*r23*r24^3*r25^3*r34*r35*r45^7*t
L[560]=r12*r13^4*r14^3*r23*r24^3*r25^3*r34*r35*r45^7*t
L[561]=r12^4*r13^3*r14^3*r15^4*r25*r34*r35*r45^7*t
L[562]=r12^4*r13^3*r14^4*r15^3*r24*r34*r35*r45^7*t
L[563]=r13^3*r14*r15^3*r24^3*r25^6*r35*r45^7*t
L[564]=r13^3*r14^3*r15^3*r24*r25^6*r35*r45^7*t
L[565]=r13*r14^3*r15^3*r23^3*r25^6*r35*r45^7*t
L[566]=r13^3*r14^3*r15^3*r23*r25^6*r35*r45^7*t
L[567]=r13*r14^3*r15*r23^3*r24^4*r25^4*r35*r45^7*t
L[568]=r13^3*r15^4*r23*r24^4*r25^4*r35*r45^7*t
L[569]=r13^3*r14*r15*r23^4*r24^3*r25^4*r35*r45^7*t
L[570]=r12^3*r14*r15*r23^4*r24^3*r25^4*r35*r45^7*t
L[571]=r13^3*r14^4*r15*r23*r24^3*r25^4*r35*r45^7*t
L[572]=r12^3*r13^4*r14^3*r15^4*r24*r25*r35*r45^7*t
L[573]=r12^3*r13^3*r14*r23^3*r25*r34^6*r45^7*t
L[574]=r12^3*r13^3*r14^3*r23*r25*r34^6*r45^7*t
L[575]=r12^3*r13*r14^3*r15*r24^3*r34^6*r45^7*t
L[576]=r12^3*r13^3*r14^3*r15*r24*r34^6*r45^7*t
L[577]=r12^3*r13*r14*r15^3*r24*r25^4*r34^4*r45^7*t
L[578]=r12*r13^3*r14^3*r15*r24*r25^4*r34^4*r45^7*t
L[579]=r12^3*r14*r15^4*r23*r24*r25^3*r34^4*r45^7*t
L[580]=r12*r13^4*r14^3*r24^4*r25*r34^4*r45^7*t
L[581]=r12^4*r13*r14^3*r24^4*r25*r34^4*r45^7*t
L[582]=r12*r14*r15^4*r23^3*r24^3*r25*r34^4*r45^7*t
L[583]=r12^3*r13^4*r14*r23^3*r24*r25*r34^4*r45^7*t
L[584]=r12^4*r13^3*r14*r23^3*r24*r25*r34^4*r45^7*t
L[585]=r12^4*r13^3*r14^3*r23*r24*r25*r34^4*r45^7*t
L[586]=r12^4*r13*r14^4*r15*r24^3*r34^4*r45^7*t
L[587]=r12^3*r13^3*r14*r15*r23^4*r24*r34^4*r45^7*t
L[588]=r12^4*r13^3*r14^4*r15*r24*r34^4*r45^7*t
L[589]=r12^4*r13^3*r14^4*r15*r23*r34^4*r45^7*t
L[590]=r12^4*r13*r15^3*r23*r24*r25^4*r34^3*r45^7*t
L[591]=r12^4*r13*r14*r15^4*r23*r25^3*r34^3*r45^7*t
L[592]=r12^4*r13*r14^3*r23*r24^4*r25*r34^3*r45^7*t
L[593]=r12^4*r13*r14^4*r15*r23*r24^3*r34^3*r45^7*t
L[594]=r13*r14^3*r15^3*r23^3*r25^6*r34*r45^7*t
L[595]=r13^3*r14^3*r15^3*r23*r25^6*r34*r45^7*t
L[596]=r13^3*r14^3*r24^6*r25^4*r34*r45^7*t
L[597]=r13*r14^4*r23^3*r24^4*r25^4*r34*r45^7*t
L[598]=r13^3*r14^4*r23*r24^4*r25^4*r34*r45^7*t
L[599]=r13^3*r14^3*r15*r24^6*r25^3*r34*r45^7*t
L[600]=r13^3*r14*r15*r23^4*r24^4*r25^3*r34*r45^7*t
L[601]=r12^3*r14*r15*r23^4*r24^4*r25^3*r34*r45^7*t
L[602]=r13^3*r14*r15^4*r23*r24^4*r25^3*r34*r45^7*t
L[603]=r12^3*r13^4*r14^4*r15^3*r24*r25*r34*r45^7*t
L[604]=r12*r13^3*r14^3*r15^3*r24*r25^6*r45^7*t
L[605]=r12*r13^3*r14^3*r24^6*r25^4*r45^7*t
L[606]=r12*r13*r14^3*r23^4*r24^4*r25^4*r45^7*t
L[607]=r12*r13^4*r15^3*r23*r24^4*r25^4*r45^7*t
L[608]=r12*r13^4*r14^3*r23*r24^4*r25^4*r45^7*t
L[609]=r12*r13*r14^3*r15^3*r23^4*r24*r25^4*r45^7*t
L[610]=r12*r13^4*r14*r15^4*r23*r24^3*r25^3*r45^7*t
L[611]=r12*r13^4*r14^4*r15*r23*r24^3*r25^3*r45^7*t
L[612]=r12^3*r13^3*r15*r23*r25*r34^4*r35^7*r45^4*t
L[613]=r12^3*r13*r15^4*r25*r34^4*r35^7*r45^4*t
L[614]=r12^4*r14*r15^3*r25^4*r34*r35^7*r45^4*t
L[615]=r12*r13*r15^4*r24^3*r25^3*r34*r35^7*r45^4*t
L[616]=r12^3*r13*r15^4*r24*r25^3*r34*r35^7*r45^4*t
L[617]=r12^4*r14^3*r15^3*r24*r25*r34*r35^7*r45^4*t
L[618]=r12^4*r13^3*r23^4*r24*r34*r35^7*r45^4*t
L[619]=r12^4*r13^3*r14*r23^4*r34*r35^7*r45^4*t
L[620]=r13^4*r15*r23*r24^3*r25^4*r35^7*r45^4*t
L[621]=r13^4*r14*r23*r24^3*r25^4*r35^7*r45^4*t
L[622]=r13^4*r14*r15*r24^3*r25^4*r35^7*r45^4*t
L[623]=r12^4*r14*r15^3*r24*r25^4*r35^7*r45^4*t
L[624]=r14^3*r15^4*r23^4*r24*r25*r35^7*r45^4*t
L[625]=r13*r14^3*r15^4*r23^4*r25*r35^7*r45^4*t
L[626]=r13*r14^3*r15^4*r23^4*r24*r35^7*r45^4*t
L[627]=r12^4*r13^3*r14*r23^4*r24*r35^7*r45^4*t
L[628]=r12^3*r14^3*r24*r25*r34^6*r35^6*r45^4*t
L[629]=r12^3*r13*r14^3*r25*r34^6*r35^6*r45^4*t
L[630]=r12^3*r13^3*r15*r23*r34^6*r35^6*r45^4*t
L[631]=r12^3*r13^3*r14*r15*r34^6*r35^6*r45^4*t
L[632]=r12*r13^3*r15*r23*r25^4*r34^4*r35^6*r45^4*t
L[633]=r12*r13*r14^3*r24^4*r25*r34^4*r35^6*r45^4*t
L[634]=r12^3*r14*r23^4*r24*r25*r34^4*r35^6*r45^4*t
L[635]=r12*r13*r15^4*r23^3*r25*r34^4*r35^6*r45^4*t
L[636]=r12^4*r13*r15^3*r23*r25*r34^4*r35^6*r45^4*t
L[637]=r12*r14^4*r15*r23*r24^3*r34^4*r35^6*r45^4*t
L[638]=r12^4*r13^4*r15*r23*r34^4*r35^6*r45^4*t
L[639]=r13^3*r15^3*r24*r25^6*r34*r35^6*r45^4*t
L[640]=r13^3*r14*r15^3*r25^6*r34*r35^6*r45^4*t
L[641]=r12*r13^3*r23^4*r24*r25^4*r34*r35^6*r45^4*t
L[642]=r12^3*r13*r23^4*r24*r25^4*r34*r35^6*r45^4*t
L[643]=r13^4*r14*r15*r23^3*r25^4*r34*r35^6*r45^4*t
L[644]=r12^3*r14*r15^4*r23*r25^4*r34*r35^6*r45^4*t
L[645]=r13^4*r14*r23*r24^4*r25^3*r34*r35^6*r45^4*t
L[646]=r13^4*r14*r15*r24^4*r25^3*r34*r35^6*r45^4*t
L[647]=r14^3*r15^4*r23^4*r24*r25*r34*r35^6*r45^4*t
L[648]=r14^4*r15^3*r23^4*r24*r25*r34*r35^6*r45^4*t
L[649]=r12*r13*r14^3*r15^3*r25^6*r35^6*r45^4*t
L[650]=r12*r13*r15^4*r24^4*r25^4*r35^6*r45^4*t
L[651]=r12*r13*r14*r15*r25^6*r34^6*r35^4*r45^4*t
L[652]=r12*r13*r14^3*r24*r25^4*r34^6*r35^4*r45^4*t
L[653]=r12*r13^3*r14*r23*r25^4*r34^6*r35^4*r45^4*t
L[654]=r12^3*r15*r23^4*r24*r25*r34^6*r35^4*r45^4*t
L[655]=r12*r15^6*r23*r24*r25*r34^6*r35^4*r45^4*t
L[656]=r12^3*r15^4*r23*r24*r25*r34^6*r35^4*r45^4*t
L[657]=r13^4*r14*r23*r24^4*r34^6*r35^4*r45^4*t
L[658]=r12*r14*r15^4*r23*r24^3*r34^6*r35^4*r45^4*t
L[659]=r13*r14^4*r23^4*r24*r34^6*r35^4*r45^4*t
L[660]=r12*r13*r15^4*r23^3*r24*r34^6*r35^4*r45^4*t
L[661]=r12^3*r14*r15*r24*r25^6*r34^4*r35^4*r45^4*t
L[662]=r12^3*r13*r15*r23*r25^6*r34^4*r35^4*r45^4*t
L[663]=r13*r14*r15^4*r23*r24*r25^4*r34^4*r35^4*r45^4*t
L[664]=r12*r13^3*r23^4*r24*r25^6*r34*r35^4*r45^4*t
L[665]=r13*r14^4*r23*r24^4*r25^6*r35^4*r45^4*t
L[666]=r13^4*r14*r23^4*r24*r25^6*r35^4*r45^4*t
L[667]=r13*r14^3*r15*r23*r24^6*r25^4*r35^4*r45^4*t
L[668]=r13^3*r14*r15*r23^6*r24*r25^4*r35^4*r45^4*t
L[669]=r12^4*r14^3*r24^4*r25*r34^7*r35*r45^4*t
L[670]=r12^4*r13^3*r23^4*r25*r34^7*r35*r45^4*t
L[671]=r12^4*r14^3*r15*r24^4*r34^7*r35*r45^4*t
L[672]=r12^4*r13^3*r15*r23^4*r34^7*r35*r45^4*t
L[673]=r13^3*r14^3*r24^6*r25*r34^6*r35*r45^4*t
L[674]=r13^3*r14^4*r23*r24^4*r25*r34^6*r35*r45^4*t
L[675]=r13*r14^4*r23^4*r24^3*r25*r34^6*r35*r45^4*t
L[676]=r13^3*r14^3*r15*r24^6*r34^6*r35*r45^4*t
L[677]=r13^4*r14*r15*r23^3*r24^4*r34^6*r35*r45^4*t
L[678]=r13^3*r14^4*r15*r23*r24^4*r34^6*r35*r45^4*t
L[679]=r13^4*r14^3*r15*r23*r24^4*r34^6*r35*r45^4*t
L[680]=r13^3*r15^4*r24^4*r25^7*r34*r35*r45^4*t
L[681]=r14^3*r15^4*r23^4*r25^7*r34*r35*r45^4*t
L[682]=r14^4*r23^4*r24^6*r25^4*r34*r35*r45^4*t
L[683]=r13*r15^6*r23*r24^6*r25^4*r34*r35*r45^4*t
L[684]=r13^4*r23^6*r24^4*r25^4*r34*r35*r45^4*t
L[685]=r13*r15^6*r23^3*r24^4*r25^4*r34*r35*r45^4*t
L[686]=r14*r15^6*r23^4*r24^3*r25^4*r34*r35*r45^4*t
L[687]=r14^6*r15*r23^4*r24^4*r25^3*r34*r35*r45^4*t
L[688]=r12*r13^3*r15^4*r24^4*r25^7*r35*r45^4*t
L[689]=r12*r14^3*r15^4*r23^4*r25^7*r35*r45^4*t
L[690]=r12*r14^4*r23^4*r24^6*r25^4*r35*r45^4*t
L[691]=r12*r13^4*r23^6*r24^4*r25^4*r35*r45^4*t
L[692]=r12^4*r14^3*r15*r24^4*r25*r34^7*r45^4*t
L[693]=r12^4*r13^3*r15*r23^4*r25*r34^7*r45^4*t
L[694]=r13^4*r15*r23^4*r24^6*r25*r34^4*r45^4*t
L[695]=r13^3*r14*r15*r23^6*r24^4*r25*r34^4*r45^4*t
L[696]=r12*r13^3*r15^4*r24^4*r25^7*r34*r45^4*t
L[697]=r12*r14^3*r15^4*r23^4*r25^7*r34*r45^4*t
L[698]=r12*r14^4*r23^4*r24^6*r25^4*r34*r45^4*t
L[699]=r12*r13^4*r23^6*r24^4*r25^4*r34*r45^4*t
L[700]=r12*r13*r14^3*r23*r25^4*r34^6*r35^7*r45*t
L[701]=r12*r13*r15^4*r23*r24^3*r34^6*r35^7*r45*t
L[702]=r12^3*r14*r15*r23*r25^6*r34^4*r35^7*r45*t
L[703]=r14*r15^6*r23^6*r24*r25^4*r34*r35^4*r45*t
L[704]=r14^6*r15*r23^6*r24^4*r25*r34^4*r35*r45*t
L[705]=r12^3*r13^3*r15^3*r25*r34*r35^7*r45^7*t
L[706]=r12^3*r13^3*r15*r23^3*r34*r35^7*r45^7*t
L[707]=r12*r13^3*r15*r24^3*r25^3*r35^7*r45^7*t
L[708]=r12*r14^3*r15^3*r23^3*r25*r35^7*r45^7*t
L[709]=r12*r13^3*r14*r24^3*r25^3*r34*r35^6*r45^7*t
L[710]=r12^3*r13*r14*r24^3*r25^3*r34*r35^6*r45^7*t
L[711]=r12*r14^4*r15*r24^4*r25*r34*r35^6*r45^7*t
L[712]=r12*r14^3*r15^3*r23^3*r25*r34*r35^6*r45^7*t
L[713]=r12*r14^3*r15^3*r23^3*r24*r34*r35^6*r45^7*t
L[714]=r12^3*r13^3*r14*r23^3*r24*r34*r35^6*r45^7*t
L[715]=r12^3*r14^3*r15^3*r23*r24*r34*r35^6*r45^7*t
L[716]=r12^4*r13^3*r15^3*r23*r34*r35^6*r45^7*t
L[717]=r12^4*r13*r14^3*r15^3*r34*r35^6*r45^7*t
L[718]=r12^3*r13*r15*r24^3*r25^4*r35^6*r45^7*t
L[719]=r12^3*r13*r14*r24^4*r25^3*r35^6*r45^7*t
L[720]=r13*r14^3*r15^3*r23^3*r24*r25*r35^6*r45^7*t
L[721]=r12^3*r13^3*r15*r23^3*r24*r25*r35^6*r45^7*t
L[722]=r12^3*r14^3*r15^4*r23*r25*r35^6*r45^7*t
L[723]=r12^3*r13^3*r14*r15^4*r25*r35^6*r45^7*t
L[724]=r12^3*r14^4*r15^3*r23*r24*r35^6*r45^7*t
L[725]=r12^3*r13^3*r14*r15^4*r23*r35^6*r45^7*t
L[726]=r12^4*r13*r14^3*r15^3*r23*r35^6*r45^7*t
L[727]=r12^3*r13^3*r23*r25*r34^6*r35^4*r45^7*t
L[728]=r12^3*r13^3*r14*r25*r34^6*r35^4*r45^7*t
L[729]=r12^3*r14^3*r15*r24*r34^6*r35^4*r45^7*t
L[730]=r12^3*r13*r14^3*r15*r34^6*r35^4*r45^7*t
L[731]=r12*r13^3*r15*r24*r25^4*r34^4*r35^4*r45^7*t
L[732]=r12*r13^3*r14*r24^4*r25*r34^4*r35^4*r45^7*t
L[733]=r12*r14*r15^4*r23^3*r25*r34^4*r35^4*r45^7*t
L[734]=r12*r14^4*r15*r23^3*r24*r34^4*r35^4*r45^7*t
L[735]=r14^3*r15^3*r23*r25^6*r34*r35^4*r45^7*t
L[736]=r13*r14^3*r15^3*r25^6*r34*r35^4*r45^7*t
L[737]=r12^3*r13*r15*r24^4*r25^4*r34*r35^4*r45^7*t
L[738]=r12^3*r13*r14*r24^4*r25^4*r34*r35^4*r45^7*t
L[739]=r13*r14^4*r23^3*r24*r25^4*r34*r35^4*r45^7*t
L[740]=r13^4*r14*r23^3*r24*r25^4*r34*r35^4*r45^7*t
L[741]=r14^6*r15*r23*r24*r25^4*r34*r35^4*r45^7*t
L[742]=r13*r14^4*r15*r23^3*r25^4*r34*r35^4*r45^7*t
L[743]=r13^3*r14*r15*r23*r24^4*r25^3*r34*r35^4*r45^7*t
L[744]=r14^4*r15*r23^4*r24*r25^3*r34*r35^4*r45^7*t
L[745]=r13^3*r14*r15*r23^4*r24*r25^3*r34*r35^4*r45^7*t
L[746]=r12^3*r14*r15^4*r23*r24*r25^3*r34*r35^4*r45^7*t
L[747]=r13*r14^4*r15*r23^4*r25^3*r34*r35^4*r45^7*t
L[748]=r13*r14*r15^4*r24^6*r25*r34*r35^4*r45^7*t
L[749]=r13^3*r15^4*r23*r24^4*r25*r34*r35^4*r45^7*t
L[750]=r13^4*r15^3*r23*r24^4*r25*r34*r35^4*r45^7*t
L[751]=r13^3*r14*r15^4*r24^4*r25*r34*r35^4*r45^7*t
L[752]=r13^4*r14*r15^3*r24^4*r25*r34*r35^4*r45^7*t
L[753]=r12^3*r13*r14^4*r24^4*r25*r34*r35^4*r45^7*t
L[754]=r12^4*r13*r14^3*r24^4*r25*r34*r35^4*r45^7*t
L[755]=r13^3*r14*r15^4*r23*r24^4*r34*r35^4*r45^7*t
L[756]=r12*r13^3*r15^3*r24*r25^6*r35^4*r45^7*t
L[757]=r12*r13^3*r14*r15^3*r25^6*r35^4*r45^7*t
L[758]=r12^4*r13*r23*r24^4*r25^4*r35^4*r45^7*t
L[759]=r12*r13*r14^3*r23^4*r24*r25^4*r35^4*r45^7*t
L[760]=r12*r13^4*r23^4*r24*r25^4*r35^4*r45^7*t
L[761]=r12^4*r13*r23^4*r24*r25^4*r35^4*r45^7*t
L[762]=r12^4*r13*r15^3*r23*r24*r25^4*r35^4*r45^7*t
L[763]=r12^4*r13*r14*r15^4*r23*r25^3*r35^4*r45^7*t
L[764]=r12^4*r13*r14^3*r23*r24^4*r25*r35^4*r45^7*t
L[765]=r12*r13^4*r14*r15^4*r23*r24^3*r35^4*r45^7*t
L[766]=r12^4*r13*r14^4*r15*r23*r24^3*r35^4*r45^7*t
L[767]=r12^4*r13*r14^4*r15^4*r23*r35^4*r45^7*t
L[768]=r12^4*r13^4*r14*r15^4*r23*r35^4*r45^7*t
L[769]=r12^3*r13*r14^3*r24^3*r34^7*r35*r45^7*t
L[770]=r12^3*r13^3*r14^3*r24*r34^7*r35*r45^7*t
L[771]=r12^3*r13^3*r14*r23^3*r34^7*r35*r45^7*t
L[772]=r12^3*r13^3*r14^3*r23*r34^7*r35*r45^7*t
L[773]=r12*r14*r15^4*r24*r25^4*r34^6*r35*r45^7*t
L[774]=r12*r13^3*r14^3*r24^4*r34^6*r35*r45^7*t
L[775]=r12^4*r13*r14^3*r24^3*r34^6*r35*r45^7*t
L[776]=r12^4*r13^3*r14^3*r24*r34^6*r35*r45^7*t
L[777]=r12^4*r13^3*r14*r23^3*r34^6*r35*r45^7*t
L[778]=r12^4*r13^3*r14^3*r23*r34^6*r35*r45^7*t
L[779]=r13*r14^4*r15*r24*r25^6*r34^4*r35*r45^7*t
L[780]=r13*r14^3*r15*r23^3*r24^4*r25*r34^4*r35*r45^7*t
L[781]=r13^4*r15*r23^3*r24^4*r25*r34^4*r35*r45^7*t
L[782]=r14*r15^6*r23*r24^4*r25*r34^4*r35*r45^7*t
L[783]=r13^3*r14^4*r15*r24^4*r25*r34^4*r35*r45^7*t
L[784]=r13^4*r14^3*r15*r24^4*r25*r34^4*r35*r45^7*t
L[785]=r14^4*r15*r23^4*r24^3*r25*r34^4*r35*r45^7*t
L[786]=r13^3*r14*r15*r23^4*r24^3*r25*r34^4*r35*r45^7*t
L[787]=r13^3*r14^4*r15*r23*r24^3*r25*r34^4*r35*r45^7*t
L[788]=r12*r13^3*r14^3*r15^3*r25^6*r34*r35*r45^7*t
L[789]=r12*r14^3*r15*r23^3*r24^4*r25^4*r34*r35*r45^7*t
L[790]=r12*r14^4*r23^3*r24^4*r25^4*r34*r35*r45^7*t
L[791]=r12*r14^3*r15*r23^4*r24^3*r25^4*r34*r35*r45^7*t
L[792]=r12*r13^4*r23^4*r24^3*r25^4*r34*r35*r45^7*t
L[793]=r12*r13*r15^4*r23^3*r24^3*r25^4*r34*r35*r45^7*t
L[794]=r12*r13^3*r14^3*r24^6*r25^3*r34*r35*r45^7*t
L[795]=r12*r14^4*r23^4*r24^4*r25^3*r34*r35*r45^7*t
L[796]=r12*r13^4*r23^4*r24^4*r25^3*r34*r35*r45^7*t
L[797]=r12*r13*r14^4*r23^3*r24^4*r25^3*r34*r35*r45^7*t
L[798]=r12*r13*r15^4*r23^4*r24^3*r25^3*r34*r35*r45^7*t
L[799]=r12^6*r13*r23^3*r24^3*r25^3*r34*r35*r45^7*t
L[800]=r13^3*r14^3*r15^4*r25^7*r35*r45^7*t
L[801]=r13*r14^3*r23^3*r24^4*r25^6*r35*r45^7*t
L[802]=r13^3*r14^3*r23*r24^4*r25^6*r35*r45^7*t
L[803]=r14^3*r15^3*r23^4*r24*r25^6*r35*r45^7*t
L[804]=r14^4*r15*r23^4*r24^4*r25^4*r35*r45^7*t
L[805]=r12^4*r13^3*r14^3*r25*r34^7*r45^7*t
L[806]=r12^4*r13^3*r14^3*r15*r34^7*r45^7*t
L[807]=r12^3*r13*r14^3*r24^4*r25*r34^6*r45^7*t
L[808]=r12^3*r13^4*r14^3*r24*r25*r34^6*r45^7*t
L[809]=r12^3*r13^3*r14*r15*r23^4*r34^6*r45^7*t
L[810]=r12^3*r13^3*r14^4*r15*r23*r34^6*r45^7*t
L[811]=r12*r13^3*r14^3*r24^6*r25*r34^4*r45^7*t
L[812]=r12*r13*r14^3*r23^4*r24^4*r25*r34^4*r45^7*t
L[813]=r12*r13^4*r23^4*r24^4*r25*r34^4*r45^7*t
L[814]=r12^4*r13*r23^4*r24^4*r25*r34^4*r45^7*t
L[815]=r12^4*r14^4*r15*r23*r24^4*r34^4*r45^7*t
L[816]=r12*r13^4*r14^4*r15*r23*r24^3*r34^4*r45^7*t
L[817]=r13^3*r14^3*r15^4*r25^7*r34*r45^7*t
L[818]=r13^3*r14^4*r15^3*r24*r25^6*r34*r45^7*t
L[819]=r13*r14^3*r23^3*r24^6*r25^4*r34*r45^7*t
L[820]=r13^3*r15^3*r23*r24^6*r25^4*r34*r45^7*t
L[821]=r14^4*r15*r23^4*r24^4*r25^4*r34*r45^7*t
L[822]=r12*r13^3*r14^3*r15^4*r25^7*r45^7*t
L[823]=r12*r13*r14^3*r15^3*r23^4*r25^6*r45^7*t
L[824]=r12*r13*r15^4*r23^4*r24^4*r25^4*r45^7*t
L[825]=r12*r13^3*r14*r23^6*r24^3*r25^4*r45^7*t
L[826]=r12*r13^3*r15*r23^6*r24^4*r25^3*r45^7*t
L[827]=r13*r14^3*r23*r24^3*r34^6*r35^7*r45^4*t
L[828]=r12*r14^3*r23*r24^3*r34^6*r35^7*r45^4*t
L[829]=r12*r13*r14^3*r24^3*r34^6*r35^7*r45^4*t
L[830]=r13^4*r15*r23*r24^3*r25*r34^4*r35^7*r45^4*t
L[831]=r13*r14^3*r15*r23^4*r25*r34^4*r35^7*r45^4*t
L[832]=r12^4*r23^4*r24*r25^4*r34*r35^7*r45^4*t
L[833]=r13^3*r15^4*r23*r24*r25^4*r34*r35^7*r45^4*t
L[834]=r12^4*r15^4*r24*r25^4*r34*r35^7*r45^4*t
L[835]=r12^4*r14*r23^4*r25^4*r34*r35^7*r45^4*t
L[836]=r13*r14^3*r15*r23^4*r24*r25^3*r34*r35^7*r45^4*t
L[837]=r12^4*r14*r23^4*r24*r25^4*r35^7*r45^4*t
L[838]=r12^3*r15^3*r23*r24*r25*r34^6*r35^6*r45^4*t
L[839]=r12^3*r13*r15^3*r23*r25*r34^6*r35^6*r45^4*t
L[840]=r12^3*r15*r23*r24^4*r34^6*r35^6*r45^4*t
L[841]=r12^3*r14*r23*r24^4*r34^6*r35^6*r45^4*t
L[842]=r12^3*r14*r15*r24^4*r34^6*r35^6*r45^4*t
L[843]=r12^3*r13*r15*r23*r24^3*r34^6*r35^6*r45^4*t
L[844]=r12^3*r13*r14*r23*r24^3*r34^6*r35^6*r45^4*t
L[845]=r12^3*r13*r15^3*r23*r24*r34^6*r35^6*r45^4*t
L[846]=r12*r14^4*r15*r23*r25^4*r34^4*r35^6*r45^4*t
L[847]=r12^4*r14*r23*r24^4*r25*r34^4*r35^6*r45^4*t
L[848]=r12*r13*r15^4*r24^4*r25*r34^4*r35^6*r45^4*t
L[849]=r12^3*r14*r15^3*r23*r25^6*r34*r35^6*r45^4*t
L[850]=r13*r14^3*r15*r23^4*r24*r25^4*r34*r35^6*r45^4*t
L[851]=r12*r13*r15^4*r24*r25^4*r34^6*r35^4*r45^4*t
L[852]=r12*r14*r15^4*r23*r25^4*r34^6*r35^4*r45^4*t
L[853]=r12^4*r15*r23*r24^4*r25*r34^6*r35^4*r45^4*t
L[854]=r12^3*r14*r23*r24^6*r34^6*r35^4*r45^4*t
L[855]=r12^3*r13*r23^6*r24*r34^6*r35^4*r45^4*t
L[856]=r13^4*r14*r15*r24*r25^6*r34^4*r35^4*r45^4*t
L[857]=r13*r14^4*r15*r23*r25^6*r34^4*r35^4*r45^4*t
L[858]=r13*r15^6*r23*r24^4*r25*r34^4*r35^4*r45^4*t
L[859]=r14*r15^6*r23^4*r24*r25*r34^4*r35^4*r45^4*t
L[860]=r12*r15^6*r23*r24^4*r25^4*r34*r35^4*r45^4*t
L[861]=r12*r15^6*r23^4*r24*r25^4*r34*r35^4*r45^4*t
L[862]=r13*r14^3*r23*r24^6*r25^6*r35^4*r45^4*t
L[863]=r13^3*r14*r23^6*r24*r25^6*r35^4*r45^4*t
L[864]=r12^4*r23^4*r24^4*r25*r34^7*r35*r45^4*t
L[865]=r12^4*r15*r23^4*r24^4*r34^7*r35*r45^4*t
L[866]=r14^3*r15*r23^4*r24^4*r25^7*r34*r35*r45^4*t
L[867]=r13^3*r23^6*r24^6*r25^4*r34*r35*r45^4*t
L[868]=r12*r14^3*r15*r23^4*r24^4*r25^7*r35*r45^4*t
L[869]=r12*r13^3*r23^6*r24^6*r25^4*r35*r45^4*t
L[870]=r12^4*r15*r23^4*r24^4*r25*r34^7*r45^4*t
L[871]=r13^3*r15*r23^6*r24^6*r25*r34^4*r45^4*t
L[872]=r12*r14^3*r15*r23^4*r24^4*r25^7*r34*r45^4*t
L[873]=r12*r13^3*r23^6*r24^6*r25^4*r34*r45^4*t
L[874]=r12*r13*r15^4*r23*r25^4*r34^6*r35^7*r45*t
L[875]=r13^4*r14*r15*r23*r25^6*r34^4*r35^7*r45*t
L[876]=r13*r15^6*r23^4*r24*r25*r34^4*r35^7*r45*t
L[877]=r12*r15^6*r23^4*r24^4*r25^7*r34*r35*r45*t
L[878]=r13^3*r14^3*r24^4*r25^4*r34*r35*r45^10*t
L[879]=r14^3*r15^3*r23^3*r24*r25^4*r34*r35*r45^10*t
L[880]=r14^4*r15*r23^3*r24^3*r25^3*r34*r35*r45^10*t
L[881]=r13^3*r14*r15*r23^3*r24^3*r25^3*r34*r35*r45^10*t
L[882]=r12^4*r13*r23^3*r24^3*r25^4*r35*r45^10*t
L[883]=r12*r13^4*r15^3*r24^3*r25^4*r35*r45^10*t
L[884]=r12*r13^3*r15*r23^4*r24^3*r25^3*r35*r45^10*t
L[885]=r12^4*r13^3*r14^3*r15^4*r23*r35*r45^10*t
L[886]=r12^4*r13*r23^3*r24^4*r25^3*r34*r45^10*t
L[887]=r12*r13^4*r14^3*r24^4*r25^3*r34*r45^10*t
L[888]=r12*r13^3*r14*r23^4*r24^3*r25^3*r34*r45^10*t
L[889]=r12^4*r13^3*r14^4*r15^3*r23*r34*r45^10*t
L[890]=r13^3*r14*r15^4*r24^4*r25^4*r45^10*t
L[891]=r13^3*r14^4*r15*r24^4*r25^4*r45^10*t
L[892]=r12^3*r13*r15*r23^4*r24^3*r25^4*r45^10*t
L[893]=r12^3*r13*r14*r23^4*r24^4*r25^3*r45^10*t
L[894]=r12^3*r13^4*r14^3*r15^4*r23*r25*r45^10*t
L[895]=r12^3*r13^4*r14^4*r15^3*r23*r24*r45^10*t
L[896]=r12^3*r14*r24^3*r25^4*r34*r35^7*r45^7*t
L[897]=r12^3*r13*r15^3*r25^4*r34*r35^7*r45^7*t
L[898]=r12^3*r15*r24^4*r25^3*r34*r35^7*r45^7*t
L[899]=r12^3*r13*r15^4*r25^3*r34*r35^7*r45^7*t
L[900]=r12^3*r14^3*r23*r24^3*r25*r34*r35^7*r45^7*t
L[901]=r12*r13^3*r15^3*r24^3*r25*r34*r35^7*r45^7*t
L[902]=r12^3*r14^3*r15*r24^3*r25*r34*r35^7*r45^7*t
L[903]=r12^3*r13^3*r23^4*r25*r34*r35^7*r45^7*t
L[904]=r12^3*r14^4*r15^3*r25*r34*r35^7*r45^7*t
L[905]=r12^3*r14^3*r15^4*r24*r34*r35^7*r45^7*t
L[906]=r12^3*r14^4*r15^3*r24*r34*r35^7*r45^7*t
L[907]=r12^3*r13^3*r14*r15^3*r24*r34*r35^7*r45^7*t
L[908]=r12^3*r13^3*r15^4*r23*r34*r35^7*r45^7*t
L[909]=r12^3*r13*r14^3*r15^3*r23*r34*r35^7*r45^7*t
L[910]=r12^3*r13^4*r15^3*r23*r34*r35^7*r45^7*t
L[911]=r12*r14^3*r15^3*r24*r25^4*r35^7*r45^7*t
L[912]=r12^4*r14*r15^3*r25^4*r35^7*r45^7*t
L[913]=r12^3*r13*r15*r24^4*r25^3*r35^7*r45^7*t
L[914]=r12*r13^3*r14*r24^4*r25^3*r35^7*r45^7*t
L[915]=r12^3*r14*r15*r23*r24^3*r25^3*r35^7*r45^7*t
L[916]=r12*r13^4*r23*r24^3*r25^3*r35^7*r45^7*t
L[917]=r12*r14^4*r15*r24^3*r25^3*r35^7*r45^7*t
L[918]=r12^3*r13*r14^3*r15^3*r24*r25*r35^7*r45^7*t
L[919]=r12^3*r13^4*r15^3*r24*r25*r35^7*r45^7*t
L[920]=r12^4*r13^3*r15^3*r24*r25*r35^7*r45^7*t
L[921]=r12^3*r14^4*r15^3*r23*r25*r35^7*r45^7*t
L[922]=r12^4*r14^3*r15^3*r23*r25*r35^7*r45^7*t
L[923]=r12^3*r13^3*r14*r15^3*r23*r25*r35^7*r45^7*t
L[924]=r12*r14^4*r15^3*r23^3*r24*r35^7*r45^7*t
L[925]=r12^3*r13^4*r15*r23^3*r24*r35^7*r45^7*t
L[926]=r12^4*r13^3*r15^4*r24*r35^7*r45^7*t
L[927]=r12*r13*r14^3*r15^3*r23^4*r35^7*r45^7*t
L[928]=r12^3*r13^3*r14*r15*r23^4*r35^7*r45^7*t
L[929]=r12^4*r13*r14^3*r15^4*r35^7*r45^7*t
L[930]=r12^4*r13^3*r14*r15^4*r35^7*r45^7*t
L[931]=r12^3*r13^3*r15*r24*r25*r34^4*r35^6*r45^7*t
L[932]=r12^3*r14*r15^4*r25*r34^4*r35^6*r45^7*t
L[933]=r12^3*r13^4*r23*r24*r34^4*r35^6*r45^7*t
L[934]=r12^3*r13*r14*r15^3*r23*r34^4*r35^6*r45^7*t
L[935]=r12*r13^3*r15*r24^3*r25^4*r34*r35^6*r45^7*t
L[936]=r14^3*r15^3*r23*r24*r25^4*r34*r35^6*r45^7*t
L[937]=r12*r14^3*r15^3*r24*r25^4*r34*r35^6*r45^7*t
L[938]=r12^4*r13*r15^3*r25^4*r34*r35^6*r45^7*t
L[939]=r12^4*r23*r24^4*r25^3*r34*r35^6*r45^7*t
L[940]=r13^3*r14*r15*r23*r24^3*r25^3*r34*r35^6*r45^7*t
L[941]=r12*r13^4*r23*r24^3*r25^3*r34*r35^6*r45^7*t
L[942]=r13*r14*r15^4*r24^3*r25^3*r34*r35^6*r45^7*t
L[943]=r12*r14*r15^4*r24^3*r25^3*r34*r35^6*r45^7*t
L[944]=r12*r14^4*r23^3*r24*r25^3*r34*r35^6*r45^7*t
L[945]=r12^3*r14*r15^3*r23*r24*r25^3*r34*r35^6*r45^7*t
L[946]=r12^3*r14*r15^4*r24*r25^3*r34*r35^6*r45^7*t
L[947]=r12^4*r14*r15^3*r24*r25^3*r34*r35^6*r45^7*t
L[948]=r12*r13*r14^3*r23^4*r25^3*r34*r35^6*r45^7*t
L[949]=r12^4*r13*r15^3*r23*r25^3*r34*r35^6*r45^7*t
L[950]=r13^3*r14*r15^3*r24^4*r25*r34*r35^6*r45^7*t
L[951]=r12^3*r14^3*r15*r24^4*r25*r34*r35^6*r45^7*t
L[952]=r12^3*r13*r14^3*r24^4*r25*r34*r35^6*r45^7*t
L[953]=r12*r13^3*r15^4*r24^3*r25*r34*r35^6*r45^7*t
L[954]=r12*r13^4*r15^3*r24^3*r25*r34*r35^6*r45^7*t
L[955]=r12^3*r14^4*r15*r24^3*r25*r34*r35^6*r45^7*t
L[956]=r12^4*r14^3*r15*r24^3*r25*r34*r35^6*r45^7*t
L[957]=r12^4*r14^3*r15^3*r23*r25*r34*r35^6*r45^7*t
L[958]=r12^4*r13^3*r15^4*r25*r34*r35^6*r45^7*t
L[959]=r12*r13^3*r14*r15^3*r24^4*r34*r35^6*r45^7*t
L[960]=r12*r13^4*r15^3*r23*r24^3*r34*r35^6*r45^7*t
L[961]=r12^4*r13*r14^3*r23*r24^3*r34*r35^6*r45^7*t
L[962]=r12^4*r13^3*r14*r15^3*r24*r34*r35^6*r45^7*t
L[963]=r12*r13*r14^3*r15^3*r23^4*r34*r35^6*r45^7*t
L[964]=r13^3*r15^3*r24*r25^6*r35^6*r45^7*t
L[965]=r14^3*r15^3*r23*r25^6*r35^6*r45^7*t
L[966]=r13*r14^3*r15^3*r25^6*r35^6*r45^7*t
L[967]=r13^3*r14*r15^3*r25^6*r35^6*r45^7*t
L[968]=r13^3*r14*r15*r23*r24^3*r25^4*r35^6*r45^7*t
L[969]=r12^4*r13*r23*r24^3*r25^4*r35^6*r45^7*t
L[970]=r13*r14^4*r15*r24^3*r25^4*r35^6*r45^7*t
L[971]=r13^4*r15*r23^3*r24*r25^4*r35^6*r45^7*t
L[972]=r14^3*r15^4*r23*r24*r25^4*r35^6*r45^7*t
L[973]=r14^4*r15^3*r23*r24*r25^4*r35^6*r45^7*t
L[974]=r12^3*r13*r15^3*r23*r24*r25^4*r35^6*r45^7*t
L[975]=r12^3*r13*r15^4*r24*r25^4*r35^6*r45^7*t
L[976]=r12^4*r13*r15^3*r24*r25^4*r35^6*r45^7*t
L[977]=r12^3*r14*r15*r23^4*r25^4*r35^6*r45^7*t
L[978]=r12^3*r14*r15^4*r23*r25^4*r35^6*r45^7*t
L[979]=r13^3*r14*r15*r23*r24^4*r25^3*r35^6*r45^7*t
L[980]=r12^4*r13*r23*r24^4*r25^3*r35^6*r45^7*t
L[981]=r13*r14*r15^4*r24^4*r25^3*r35^6*r45^7*t
L[982]=r12^3*r13*r14^3*r15*r24^4*r25*r35^6*r45^7*t
L[983]=r13^3*r14*r15^4*r23*r24^3*r25*r35^6*r45^7*t
L[984]=r12^3*r14^4*r15*r23*r24^3*r25*r35^6*r45^7*t
L[985]=r12^3*r13^4*r15^4*r24*r25*r35^6*r45^7*t
L[986]=r12^3*r13^3*r14*r15*r23^4*r25*r35^6*r45^7*t
L[987]=r12*r13^3*r14*r24^3*r25*r34^6*r35^4*r45^7*t
L[988]=r12*r14^3*r15*r23^3*r24*r34^6*r35^4*r45^7*t
L[989]=r12*r14^4*r15*r24*r25^4*r34^4*r35^4*r45^7*t
L[990]=r12^4*r13*r23*r24^4*r25*r34^4*r35^4*r45^7*t
L[991]=r12*r14*r15^4*r24^4*r25*r34^4*r35^4*r45^7*t
L[992]=r12^4*r13*r23^4*r24*r25*r34^4*r35^4*r45^7*t
L[993]=r12^4*r13*r14*r15^4*r23*r34^4*r35^4*r45^7*t
L[994]=r12^4*r13*r14^4*r15*r23*r34^4*r35^4*r45^7*t
L[995]=r12^3*r13*r15*r24^3*r25^6*r34*r35^4*r45^7*t
L[996]=r14^4*r15*r23*r24^4*r25^4*r34*r35^4*r45^7*t
L[997]=r13*r14*r15^4*r24^4*r25^4*r34*r35^4*r45^7*t
L[998]=r13*r14^4*r15*r24^4*r25^4*r34*r35^4*r45^7*t
L[999]=r14^4*r15^4*r23*r24*r25^4*r34*r35^4*r45^7*t
L[1000]=r14^6*r15*r23^3*r24*r25^3*r34*r35^4*r45^7*t
L[1001]=r13^3*r14*r15^3*r24^6*r25*r34*r35^4*r45^7*t
L[1002]=r12^3*r14^3*r15^6*r23*r25*r34*r35^4*r45^7*t
L[1003]=r12^6*r14^3*r15^3*r23*r25*r34*r35^4*r45^7*t
L[1004]=r12^6*r13*r14^3*r15^4*r34*r35^4*r45^7*t
L[1005]=r12^4*r15*r23^3*r24*r25^6*r35^4*r45^7*t
L[1006]=r12*r13*r15^4*r23^4*r24*r25^4*r35^4*r45^7*t
L[1007]=r12*r13^3*r14*r23^6*r25^4*r35^4*r45^7*t
L[1008]=r12^4*r13^3*r14*r15^6*r25*r35^4*r45^7*t
L[1009]=r12^3*r14^3*r15*r24^3*r25*r34^7*r35*r45^7*t
L[1010]=r12^3*r13^3*r14^3*r15*r25*r34^7*r35*r45^7*t
L[1011]=r12^3*r14*r23^3*r24^4*r34^7*r35*r45^7*t
L[1012]=r12^3*r14^3*r23*r24^4*r34^7*r35*r45^7*t
L[1013]=r12^3*r13^3*r23^4*r24*r34^7*r35*r45^7*t
L[1014]=r12*r14^3*r15*r23^3*r24^3*r25*r34^6*r35*r45^7*t
L[1015]=r12*r13^3*r14^3*r15*r24^3*r25*r34^6*r35*r45^7*t
L[1016]=r12^4*r14^3*r15*r24^3*r25*r34^6*r35*r45^7*t
L[1017]=r12^4*r13^3*r14^3*r15*r25*r34^6*r35*r45^7*t
L[1018]=r12^4*r14*r23^3*r24^4*r34^6*r35*r45^7*t
L[1019]=r12^4*r14^3*r23*r24^4*r34^6*r35*r45^7*t
L[1020]=r12*r13*r14^3*r23^4*r24^3*r34^6*r35*r45^7*t
L[1021]=r12^4*r13*r23^4*r24^3*r34^6*r35*r45^7*t
L[1022]=r12*r13^4*r14^3*r23*r24^3*r34^6*r35*r45^7*t
L[1023]=r12^4*r13^3*r23^4*r24*r34^6*r35*r45^7*t
L[1024]=r13^3*r14^3*r15*r24*r25^6*r34^4*r35*r45^7*t
L[1025]=r14*r15^6*r23^3*r24^3*r25*r34^4*r35*r45^7*t
L[1026]=r12^6*r14^3*r23*r24^4*r34^4*r35*r45^7*t
L[1027]=r12^6*r13*r14^4*r24^3*r34^4*r35*r45^7*t
L[1028]=r12*r13^3*r15^3*r24^3*r25^7*r34*r35*r45^7*t
L[1029]=r12*r13^3*r15^3*r24^4*r25^6*r34*r35*r45^7*t
L[1030]=r12*r13^3*r23^4*r24^3*r25^6*r34*r35*r45^7*t
L[1031]=r12*r13^3*r15^3*r24^6*r25^4*r34*r35*r45^7*t
L[1032]=r12*r13^3*r23^4*r24^6*r25^3*r34*r35*r45^7*t
L[1033]=r13^3*r15^4*r24^4*r25^7*r35*r45^7*t
L[1034]=r14^3*r15^4*r23^4*r25^7*r35*r45^7*t
L[1035]=r13^3*r14^3*r24^6*r25^6*r35*r45^7*t
L[1036]=r13^4*r15^3*r23*r24^4*r25^6*r35*r45^7*t
L[1037]=r13^3*r15*r23^6*r24^4*r25^4*r35*r45^7*t
L[1038]=r13*r15^6*r23^3*r24^4*r25^4*r35*r45^7*t
L[1039]=r14*r15^6*r23^4*r24^3*r25^4*r35*r45^7*t
L[1040]=r12^4*r13^3*r23^4*r25*r34^7*r45^7*t
L[1041]=r12^4*r14^3*r15*r24^4*r34^7*r45^7*t
L[1042]=r13^3*r14^3*r24^6*r25*r34^6*r45^7*t
L[1043]=r13^4*r14*r23^3*r24^4*r25*r34^6*r45^7*t
L[1044]=r13^4*r14^3*r23*r24^4*r25*r34^6*r45^7*t
L[1045]=r12^3*r13^4*r23^4*r24*r25*r34^6*r45^7*t
L[1046]=r13^3*r14^3*r15*r24^6*r34^6*r45^7*t
L[1047]=r12^3*r14*r15*r23^4*r24^4*r34^6*r45^7*t
L[1048]=r13^3*r14^4*r15*r23*r24^4*r34^6*r45^7*t
L[1049]=r12^3*r14^4*r15*r23*r24^4*r34^6*r45^7*t
L[1050]=r12*r13^4*r14^4*r15*r23*r25^4*r34^4*r45^7*t
L[1051]=r12^4*r14*r23^3*r24^6*r25*r34^4*r45^7*t
L[1052]=r12^4*r14^3*r23*r24^6*r25*r34^4*r45^7*t
L[1053]=r12*r13*r15^4*r23^4*r24^4*r25*r34^4*r45^7*t
L[1054]=r12*r13^3*r15*r23^6*r24^4*r34^4*r45^7*t
L[1055]=r14^3*r15^4*r23^4*r25^7*r34*r45^7*t
L[1056]=r14^4*r15^3*r23^4*r24*r25^6*r34*r45^7*t
L[1057]=r14^4*r23^4*r24^6*r25^4*r34*r45^7*t
L[1058]=r13^3*r14*r23^6*r24^4*r25^4*r34*r45^7*t
L[1059]=r14^6*r15*r23^4*r24^4*r25^3*r34*r45^7*t
L[1060]=r12*r13^3*r15^4*r24^4*r25^7*r45^7*t
L[1061]=r12*r13^4*r23^6*r24^4*r25^4*r45^7*t
L[1062]=r12*r14*r15^4*r23^6*r24^3*r25^4*r45^7*t
L[1063]=r12*r14^4*r15*r23^6*r24^4*r25^3*r45^7*t
L[1064]=r12*r14^3*r23*r25^4*r34^6*r35^7*r45^4*t
L[1065]=r12^3*r15*r23*r24^3*r25*r34^6*r35^7*r45^4*t
L[1066]=r12^3*r14*r23*r24^3*r25*r34^6*r35^7*r45^4*t
L[1067]=r12^3*r14*r15*r24^3*r25*r34^6*r35^7*r45^4*t
L[1068]=r12^3*r15^4*r24*r25*r34^6*r35^7*r45^4*t
L[1069]=r12*r13*r15^4*r24^3*r34^6*r35^7*r45^4*t
L[1070]=r12^3*r13*r15^4*r24*r34^6*r35^7*r45^4*t
L[1071]=r12^3*r15*r23*r25^6*r34^4*r35^7*r45^4*t
L[1072]=r12^4*r15^3*r24*r25^6*r34*r35^7*r45^4*t
L[1073]=r13*r15^6*r23*r24^3*r25^3*r34*r35^7*r45^4*t
L[1074]=r12*r15^6*r23*r24^3*r25^3*r34*r35^7*r45^4*t
L[1075]=r13*r14^3*r23*r24*r25^4*r34^6*r35^6*r45^4*t
L[1076]=r13*r14^3*r23*r24^4*r25*r34^6*r35^6*r45^4*t
L[1077]=r14^4*r23^4*r24*r25*r34^6*r35^6*r45^4*t
L[1078]=r13*r14^4*r23^4*r25*r34^6*r35^6*r45^4*t
L[1079]=r13^4*r15*r23*r24^4*r34^6*r35^6*r45^4*t
L[1080]=r13^4*r14*r15*r24^4*r34^6*r35^6*r45^4*t
L[1081]=r13*r14*r15^4*r23*r24^3*r34^6*r35^6*r45^4*t
L[1082]=r13*r14^4*r15*r23*r24^3*r34^6*r35^6*r45^4*t
L[1083]=r12^3*r14*r23*r24*r25^6*r34^4*r35^6*r45^4*t
L[1084]=r12^4*r13*r23^6*r25*r34^4*r35^6*r45^4*t
L[1085]=r13^4*r23^4*r24*r25^6*r34*r35^6*r45^4*t
L[1086]=r13^4*r14*r23^4*r25^6*r34*r35^6*r45^4*t
L[1087]=r13^3*r14*r15*r23^6*r25^4*r34*r35^6*r45^4*t
L[1088]=r13*r15^6*r23*r24^4*r25^4*r35^6*r45^4*t
L[1089]=r12*r15^6*r23*r24^4*r25^4*r35^6*r45^4*t
L[1090]=r12^3*r15*r23*r24^6*r25*r34^6*r35^4*r45^4*t
L[1091]=r12*r14^3*r23*r24^6*r25^6*r34*r35^4*r45^4*t
L[1092]=r13*r15^6*r23*r24^6*r25^4*r35^4*r45^4*t
L[1093]=r14*r15^6*r23^6*r24*r25^4*r35^4*r45^4*t
L[1094]=r13^4*r23^4*r24^6*r25*r34^6*r35*r45^4*t
L[1095]=r13^3*r14*r23^6*r24^4*r25*r34^6*r35*r45^4*t
L[1096]=r13^4*r15*r23^4*r24^6*r34^6*r35*r45^4*t
L[1097]=r13^3*r14*r15*r23^6*r24^4*r34^6*r35*r45^4*t
L[1098]=r14^6*r15*r23^6*r24^4*r25*r34^4*r45^4*t
L[1099]=r12*r13^4*r23^3*r24*r25^3*r34*r35^4*r45^10*t
L[1100]=r12*r13^3*r14*r23^4*r25^3*r34*r35^4*r45^10*t
L[1101]=r12^4*r13*r14^3*r24^4*r34*r35^4*r45^10*t
L[1102]=r12^4*r14^4*r15^3*r23*r34*r35^4*r45^10*t
L[1103]=r13^3*r14*r15*r23^3*r24*r25^4*r35^4*r45^10*t
L[1104]=r12^3*r13*r15*r23^4*r25^4*r35^4*r45^10*t
L[1105]=r13^3*r14*r15^4*r24^4*r25*r35^4*r45^10*t
L[1106]=r12^3*r13^4*r15^4*r23*r25*r35^4*r45^10*t
L[1107]=r12^4*r14^3*r24^4*r25*r34^4*r35*r45^10*t
L[1108]=r12*r13^4*r23^3*r24^3*r25*r34^4*r35*r45^10*t
L[1109]=r12^4*r13*r23^3*r24^3*r25*r34^4*r35*r45^10*t
L[1110]=r12^4*r13^3*r23^3*r24*r25*r34^4*r35*r45^10*t
L[1111]=r12*r13^3*r15*r23^4*r24^3*r34^4*r35*r45^10*t
L[1112]=r12^4*r14^3*r15*r23*r24^3*r34^4*r35*r45^10*t
L[1113]=r12^4*r14^4*r15*r24^3*r34^4*r35*r45^10*t
L[1114]=r12^4*r13^3*r14*r15*r23^3*r34^4*r35*r45^10*t
L[1115]=r13^3*r15^4*r24^4*r25^4*r34*r35*r45^10*t
L[1116]=r13^4*r15^3*r24^4*r25^4*r34*r35*r45^10*t
L[1117]=r12*r13*r15^4*r23^3*r24^3*r25^4*r35*r45^10*t
L[1118]=r12*r13^3*r15^4*r23*r24^3*r25^4*r35*r45^10*t
L[1119]=r12*r14^4*r15*r23^4*r24^3*r25^3*r35*r45^10*t
L[1120]=r13^3*r14*r15*r23^3*r24^4*r25*r34^4*r45^10*t
L[1121]=r13^3*r14^4*r15*r24^4*r25*r34^4*r45^10*t
L[1122]=r12^3*r13*r14*r23^4*r24^4*r34^4*r45^10*t
L[1123]=r12^3*r13^4*r14^4*r23*r24*r34^4*r45^10*t
L[1124]=r12*r13*r14^4*r23^3*r24^4*r25^3*r34*r45^10*t
L[1125]=r12*r13^3*r14^4*r23*r24^4*r25^3*r34*r45^10*t
L[1126]=r12*r14*r15^4*r23^4*r24^3*r25^3*r34*r45^10*t
L[1127]=r13*r14^4*r15*r23^4*r24^3*r25^4*r45^10*t
L[1128]=r13^4*r14^3*r15^4*r23*r24*r25^4*r45^10*t
L[1129]=r13^4*r14^4*r15^3*r23*r24*r25^4*r45^10*t
L[1130]=r13*r14*r15^4*r23^4*r24^4*r25^3*r45^10*t
L[1131]=r12^4*r13^3*r15^3*r34*r35^9*r45^7*t
L[1132]=r12^3*r14^3*r15^4*r25*r35^9*r45^7*t
L[1133]=r12^3*r14^3*r25*r34^6*r35^7*r45^7*t
L[1134]=r12^3*r13^3*r15*r34^6*r35^7*r45^7*t
L[1135]=r12^3*r13*r15^3*r24*r25*r34^4*r35^7*r45^7*t
L[1136]=r12*r14^4*r23^3*r25*r34^4*r35^7*r45^7*t
L[1137]=r12^3*r14*r15^3*r23*r25*r34^4*r35^7*r45^7*t
L[1138]=r12*r13^3*r15*r24^4*r34^4*r35^7*r45^7*t
L[1139]=r12^3*r13^4*r15*r24*r34^4*r35^7*r45^7*t
L[1140]=r12^3*r13^3*r14*r15*r23*r34^4*r35^7*r45^7*t
L[1141]=r13^3*r15^3*r25^6*r34*r35^7*r45^7*t
L[1142]=r13*r14^3*r24^4*r25^4*r34*r35^7*r45^7*t
L[1143]=r12*r14^3*r24^4*r25^4*r34*r35^7*r45^7*t
L[1144]=r14^4*r23*r24^3*r25^4*r34*r35^7*r45^7*t
L[1145]=r12^3*r13*r23*r24^3*r25^4*r34*r35^7*r45^7*t
L[1146]=r13*r14^4*r24^3*r25^4*r34*r35^7*r45^7*t
L[1147]=r13^4*r14*r24^3*r25^4*r34*r35^7*r45^7*t
L[1148]=r12^3*r14*r15^3*r24*r25^4*r34*r35^7*r45^7*t
L[1149]=r12^3*r15*r23^4*r25^4*r34*r35^7*r45^7*t
L[1150]=r13^4*r15*r23^3*r25^4*r34*r35^7*r45^7*t
L[1151]=r12*r13^3*r15^3*r23*r25^4*r34*r35^7*r45^7*t
L[1152]=r12^4*r15^4*r25^4*r34*r35^7*r45^7*t
L[1153]=r14^3*r15*r23*r24^4*r25^3*r34*r35^7*r45^7*t
L[1154]=r12^3*r13*r23*r24^4*r25^3*r34*r35^7*r45^7*t
L[1155]=r13*r14^3*r15*r24^4*r25^3*r34*r35^7*r45^7*t
L[1156]=r13^4*r15*r24^4*r25^3*r34*r35^7*r45^7*t
L[1157]=r14^4*r15*r23*r24^3*r25^3*r34*r35^7*r45^7*t
L[1158]=r13^3*r15^4*r23*r24^3*r25*r34*r35^7*r45^7*t
L[1159]=r13^4*r15^3*r23*r24^3*r25*r34*r35^7*r45^7*t
L[1160]=r14^3*r15^4*r23^4*r25*r34*r35^7*r45^7*t
L[1161]=r14^4*r15^3*r23^4*r25*r34*r35^7*r45^7*t
L[1162]=r12^4*r14^3*r15^4*r25*r34*r35^7*r45^7*t
L[1163]=r14^3*r15^4*r23^4*r24*r34*r35^7*r45^7*t
L[1164]=r14^4*r15^3*r23^4*r24*r34*r35^7*r45^7*t
L[1165]=r12*r14^3*r15^3*r25^6*r35^7*r45^7*t
L[1166]=r14^4*r23*r24^4*r25^4*r35^7*r45^7*t
L[1167]=r12^4*r23*r24^4*r25^4*r35^7*r45^7*t
L[1168]=r12*r14^4*r24^4*r25^4*r35^7*r45^7*t
L[1169]=r12^4*r14*r24^4*r25^4*r35^7*r45^7*t
L[1170]=r12*r13*r14^3*r23*r24^3*r25^4*r35^7*r45^7*t
L[1171]=r12*r14*r15^4*r24^4*r25^3*r35^7*r45^7*t
L[1172]=r13*r14^4*r15*r24^4*r25^3*r35^7*r45^7*t
L[1173]=r12*r13*r15^4*r23*r24^3*r25^3*r35^7*r45^7*t
L[1174]=r12^3*r13^4*r23^4*r24*r25*r35^7*r45^7*t
L[1175]=r12^4*r13^3*r23^4*r24*r25*r35^7*r45^7*t
L[1176]=r12^4*r14^4*r15^4*r24*r35^7*r45^7*t
L[1177]=r12^3*r14^3*r24*r34^7*r35^6*r45^7*t
L[1178]=r12^3*r13^3*r23*r34^7*r35^6*r45^7*t
L[1179]=r12^3*r13*r14^3*r34^7*r35^6*r45^7*t
L[1180]=r12^3*r13^3*r14*r34^7*r35^6*r45^7*t
L[1181]=r12^3*r14^3*r15*r25*r34^6*r35^6*r45^7*t
L[1182]=r12^3*r13^3*r15*r25*r34^6*r35^6*r45^7*t
L[1183]=r12*r13^3*r14*r24^3*r34^6*r35^6*r45^7*t
L[1184]=r12*r14^3*r23^3*r24*r34^6*r35^6*r45^7*t
L[1185]=r12^3*r13^3*r23*r24*r34^6*r35^6*r45^7*t
L[1186]=r12^3*r14*r15^3*r24*r34^6*r35^6*r45^7*t
L[1187]=r12^3*r14^4*r24*r34^6*r35^6*r45^7*t
L[1188]=r12^4*r14^3*r24*r34^6*r35^6*r45^7*t
L[1189]=r12^3*r13^3*r14*r24*r34^6*r35^6*r45^7*t
L[1190]=r12^3*r13*r14^3*r23*r34^6*r35^6*r45^7*t
L[1191]=r12^3*r13^4*r23*r34^6*r35^6*r45^7*t
L[1192]=r12^4*r13^3*r23*r34^6*r35^6*r45^7*t
L[1193]=r12^3*r13*r14*r15^3*r34^6*r35^6*r45^7*t
L[1194]=r12^4*r13*r14^3*r34^6*r35^6*r45^7*t
L[1195]=r12^4*r13^3*r14*r34^6*r35^6*r45^7*t
L[1196]=r13^4*r15*r24^4*r25*r34^4*r35^6*r45^7*t
L[1197]=r12^3*r13*r15*r24^4*r25*r34^4*r35^6*r45^7*t
L[1198]=r13^3*r14*r15*r23*r24^3*r25*r34^4*r35^6*r45^7*t
L[1199]=r13*r14^3*r15*r23^3*r24*r25*r34^4*r35^6*r45^7*t
L[1200]=r13^4*r15*r23^3*r24*r25*r34^4*r35^6*r45^7*t
L[1201]=r12^3*r13*r15^3*r23*r24*r25*r34^4*r35^6*r45^7*t
L[1202]=r12^4*r13^3*r23*r24*r25*r34^4*r35^6*r45^7*t
L[1203]=r12^4*r13*r15^3*r24*r25*r34^4*r35^6*r45^7*t
L[1204]=r14^4*r15*r23^4*r25*r34^4*r35^6*r45^7*t
L[1205]=r13^3*r14*r15*r23^4*r25*r34^4*r35^6*r45^7*t
L[1206]=r12^3*r14*r15*r23^4*r25*r34^4*r35^6*r45^7*t
L[1207]=r12^3*r14^4*r15*r23*r25*r34^4*r35^6*r45^7*t
L[1208]=r12^4*r13^3*r14*r15*r23*r34^4*r35^6*r45^7*t
L[1209]=r12^4*r13*r14*r15^4*r34^4*r35^6*r45^7*t
L[1210]=r12*r14^3*r15^3*r25^6*r34*r35^6*r45^7*t
L[1211]=r12*r13^3*r15^3*r25^6*r34*r35^6*r45^7*t
L[1212]=r14^3*r15*r23*r24^4*r25^4*r34*r35^6*r45^7*t
L[1213]=r13*r14^3*r15*r24^4*r25^4*r34*r35^6*r45^7*t
L[1214]=r12*r14^3*r15*r24^4*r25^4*r34*r35^6*r45^7*t
L[1215]=r12^4*r15*r24^4*r25^4*r34*r35^6*r45^7*t
L[1216]=r12*r14^4*r24^4*r25^4*r34*r35^6*r45^7*t
L[1217]=r14^4*r15*r23*r24^3*r25^4*r34*r35^6*r45^7*t
L[1218]=r12*r14^4*r15*r24^3*r25^4*r34*r35^6*r45^7*t
L[1219]=r12^4*r14*r23^3*r24*r25^4*r34*r35^6*r45^7*t
L[1220]=r12^4*r15*r23^4*r25^4*r34*r35^6*r45^7*t
L[1221]=r12*r13^4*r23^4*r25^4*r34*r35^6*r45^7*t
L[1222]=r12^4*r13*r23^4*r25^4*r34*r35^6*r45^7*t
L[1223]=r12*r13^3*r15^4*r23*r25^4*r34*r35^6*r45^7*t
L[1224]=r12^4*r15^4*r23*r25^4*r34*r35^6*r45^7*t
L[1225]=r12*r13^4*r15^3*r23*r25^4*r34*r35^6*r45^7*t
L[1226]=r12*r13*r14^3*r23*r24^4*r25^3*r34*r35^6*r45^7*t
L[1227]=r12*r13*r14^4*r23*r24^3*r25^3*r34*r35^6*r45^7*t
L[1228]=r12^4*r14*r23^4*r24*r25^3*r34*r35^6*r45^7*t
L[1229]=r12*r13*r15^4*r23^4*r25^3*r34*r35^6*r45^7*t
L[1230]=r12^4*r14^4*r15^4*r25*r34*r35^6*r45^7*t
L[1231]=r12^3*r15*r23^3*r24*r25^6*r35^6*r45^7*t
L[1232]=r12^3*r15^3*r23*r24*r25^6*r35^6*r45^7*t
L[1233]=r12^3*r13*r15^3*r24*r25^6*r35^6*r45^7*t
L[1234]=r14^4*r15*r23*r24^4*r25^4*r35^6*r45^7*t
L[1235]=r12^3*r14*r15*r23*r24^4*r25^4*r35^6*r45^7*t
L[1236]=r12*r13*r15^4*r23*r24^3*r25^4*r35^6*r45^7*t
L[1237]=r13^4*r15^4*r23*r24*r25^4*r35^6*r45^7*t
L[1238]=r13^4*r14*r15*r23^4*r25^4*r35^6*r45^7*t
L[1239]=r12*r13*r14^4*r23*r24^4*r25^3*r35^6*r45^7*t
L[1240]=r12^3*r13*r14*r23^6*r25^3*r35^6*r45^7*t
L[1241]=r12^3*r13*r14^4*r15^4*r24*r25*r35^6*r45^7*t
L[1242]=r12*r14^3*r15*r24*r25^4*r34^6*r35^4*r45^7*t
L[1243]=r13^4*r14*r24^4*r25*r34^6*r35^4*r45^7*t
L[1244]=r12^3*r13*r14*r24^4*r25*r34^6*r35^4*r45^7*t
L[1245]=r12*r14*r15^4*r24^3*r25*r34^6*r35^4*r45^7*t
L[1246]=r12^3*r13*r23^4*r24*r25*r34^6*r35^4*r45^7*t
L[1247]=r13*r14^4*r23^3*r24*r25*r34^6*r35^4*r45^7*t
L[1248]=r13^4*r14*r23^3*r24*r25*r34^6*r35^4*r45^7*t
L[1249]=r13^3*r14*r15*r23*r24^4*r34^6*r35^4*r45^7*t
L[1250]=r14^4*r15*r23^4*r24*r34^6*r35^4*r45^7*t
L[1251]=r13^3*r14*r15*r23^4*r24*r34^6*r35^4*r45^7*t
L[1252]=r12^3*r14*r15*r23^4*r24*r34^6*r35^4*r45^7*t
L[1253]=r12^3*r14*r15^4*r23*r24*r34^6*r35^4*r45^7*t
L[1254]=r12^4*r15*r24*r25^6*r34^4*r35^4*r45^7*t
L[1255]=r12^4*r14*r24^6*r25*r34^4*r35^4*r45^7*t
L[1256]=r12^4*r14*r15^6*r25*r34^4*r35^4*r45^7*t
L[1257]=r12^4*r14^6*r15*r24*r34^4*r35^4*r45^7*t
L[1258]=r13*r14^4*r24^4*r25^6*r34*r35^4*r45^7*t
L[1259]=r13*r14^4*r15*r24^3*r25^6*r34*r35^4*r45^7*t
L[1260]=r13^3*r14*r23^4*r24*r25^6*r34*r35^4*r45^7*t
L[1261]=r13*r14^3*r15*r24^6*r25^4*r34*r35^4*r45^7*t
L[1262]=r12^6*r23*r24^4*r25^4*r34*r35^4*r45^7*t
L[1263]=r14^3*r15^6*r23*r24*r25^4*r34*r35^4*r45^7*t
L[1264]=r12^6*r13*r15^4*r25^4*r34*r35^4*r45^7*t
L[1265]=r14*r15^6*r23*r24^4*r25^3*r34*r35^4*r45^7*t
L[1266]=r14*r15^6*r23^4*r24*r25^3*r34*r35^4*r45^7*t
L[1267]=r12*r14*r15^4*r23^6*r25^4*r35^4*r45^7*t
L[1268]=r12^4*r13^3*r14^3*r34^9*r35*r45^7*t
L[1269]=r13^3*r14^3*r15*r24^4*r25*r34^7*r35*r45^7*t
L[1270]=r12^3*r15*r23^4*r24^3*r25*r34^7*r35*r45^7*t
L[1271]=r13^3*r14^3*r24^6*r34^7*r35*r45^7*t
L[1272]=r13^4*r14*r23^3*r24^4*r34^7*r35*r45^7*t
L[1273]=r13^3*r14^4*r23*r24^4*r34^7*r35*r45^7*t
L[1274]=r13^4*r14^3*r23*r24^4*r34^7*r35*r45^7*t
L[1275]=r12^4*r14^4*r24^4*r34^7*r35*r45^7*t
L[1276]=r12^4*r13^4*r23^4*r34^7*r35*r45^7*t
L[1277]=r12^6*r13^3*r14^3*r34^7*r35*r45^7*t
L[1278]=r12*r13^4*r14^3*r23*r25^4*r34^6*r35*r45^7*t
L[1279]=r12^4*r15*r23^3*r24^4*r25*r34^6*r35*r45^7*t
L[1280]=r12^4*r15*r23^4*r24^3*r25*r34^6*r35*r45^7*t
L[1281]=r12*r13^4*r23^4*r24^4*r34^6*r35*r45^7*t
L[1282]=r12*r13*r15^4*r23^4*r24^3*r34^6*r35*r45^7*t
L[1283]=r13^3*r14^4*r15*r23*r25^6*r34^4*r35*r45^7*t
L[1284]=r13^3*r15*r23^4*r24^6*r25*r34^4*r35*r45^7*t
L[1285]=r13*r15^6*r23^3*r24^4*r25*r34^4*r35*r45^7*t
L[1286]=r12*r15^6*r23^3*r24^4*r25^4*r34*r35*r45^7*t
L[1287]=r12*r15^6*r23^4*r24^3*r25^4*r34*r35*r45^7*t
L[1288]=r14^3*r15*r23^4*r24^4*r25^7*r35*r45^7*t
L[1289]=r13^3*r15^3*r23*r24^6*r25^6*r35*r45^7*t
L[1290]=r13^3*r14*r23^6*r24^3*r25^6*r35*r45^7*t
L[1291]=r12^3*r14*r23^3*r24^6*r25*r34^6*r45^7*t
L[1292]=r12^3*r14^3*r23*r24^6*r25*r34^6*r45^7*t
L[1293]=r13^4*r14*r15*r23^4*r24^4*r34^6*r45^7*t
L[1294]=r12^3*r13*r15*r23^6*r24^3*r34^6*r45^7*t
L[1295]=r12^3*r13^3*r15*r23^6*r24*r34^6*r45^7*t
L[1296]=r12*r14^4*r15*r23^6*r24^4*r34^4*r45^7*t
L[1297]=r13^3*r23^6*r24^6*r25^4*r34*r45^7*t
L[1298]=r14*r15^6*r23^4*r24^4*r25^4*r34*r45^7*t
L[1299]=r13^3*r15*r23^6*r24^6*r25^3*r34*r45^7*t
L[1300]=r12*r14^3*r15^3*r23^6*r24*r25^6*r45^7*t
L[1301]=r12*r13^3*r23^6*r24^6*r25^4*r45^7*t
L[1302]=r13^4*r14*r23*r24^3*r25*r34^6*r35^7*r45^4*t
L[1303]=r13^4*r14*r15*r24^3*r25*r34^6*r35^7*r45^4*t
L[1304]=r14^3*r15*r23^4*r24*r25*r34^6*r35^7*r45^4*t
L[1305]=r13*r14^3*r15*r23^4*r24*r34^6*r35^7*r45^4*t
L[1306]=r13^4*r15*r23*r25^6*r34^4*r35^7*r45^4*t
L[1307]=r13*r15^6*r23^4*r25*r34^4*r35^7*r45^4*t
L[1308]=r13^3*r15*r23^6*r24*r25^4*r34*r35^7*r45^4*t
L[1309]=r13*r15^6*r23^4*r24*r25^3*r34*r35^7*r45^4*t
L[1310]=r12^3*r23^6*r24*r25*r34^6*r35^6*r45^4*t
L[1311]=r12^3*r13*r23^6*r25*r34^6*r35^6*r45^4*t
L[1312]=r13^3*r23^6*r24*r25^6*r34*r35^6*r45^4*t
L[1313]=r13^3*r14*r23^6*r25^6*r34*r35^6*r45^4*t
L[1314]=r13*r15^6*r23^4*r24*r25^4*r34*r35^6*r45^4*t
L[1315]=r13^3*r23^6*r24^6*r25*r34^6*r35*r45^4*t
L[1316]=r13^3*r15*r23^6*r24^6*r34^6*r35*r45^4*t
L[1317]=r15^6*r23^4*r24^4*r25^7*r34*r35*r45^4*t
L[1318]=r12*r15^6*r23^4*r24^4*r25^7*r35*r45^4*t
L[1319]=r12*r15^6*r23^4*r24^4*r25^7*r34*r45^4*t
L[1320]=r12^3*r14*r15^4*r25^3*r34*r35^6*r45^10*t
L[1321]=r12^3*r14^3*r24^4*r25*r34*r35^6*r45^10*t
L[1322]=r12^3*r13^3*r23^3*r24*r25*r34*r35^6*r45^10*t
L[1323]=r12^3*r14^4*r15*r24^3*r34*r35^6*r45^10*t
L[1324]=r12^4*r13*r15^3*r25^4*r35^6*r45^10*t
L[1325]=r12*r13^3*r15*r23^4*r25^3*r35^6*r45^10*t
L[1326]=r12*r13^4*r15^3*r24^3*r25*r35^6*r45^10*t
L[1327]=r12^4*r13^3*r15^4*r23*r35^6*r45^10*t
L[1328]=r14^4*r15*r23^3*r24*r25*r34^4*r35^4*r45^10*t
L[1329]=r13^3*r14*r15*r23^3*r24*r25*r34^4*r35^4*r45^10*t
L[1330]=r12^4*r13*r23^3*r24*r25^4*r34*r35^4*r45^10*t
L[1331]=r12*r14*r15^4*r23^4*r25^3*r34*r35^4*r45^10*t
L[1332]=r12^4*r14^4*r23*r24^4*r34*r35^4*r45^10*t
L[1333]=r13*r14^4*r15*r23^4*r25^4*r35^4*r45^10*t
L[1334]=r13^4*r15^4*r23*r24^4*r25*r35^4*r45^10*t
L[1335]=r12^3*r14^3*r24^4*r25*r34^6*r35*r45^10*t
L[1336]=r12^3*r13^3*r23^3*r24*r25*r34^6*r35*r45^10*t
L[1337]=r12^3*r13^4*r23^3*r25*r34^6*r35*r45^10*t
L[1338]=r12^3*r14*r15*r23^3*r24^3*r34^6*r35*r45^10*t
L[1339]=r12^3*r14^4*r15*r24^3*r34^6*r35*r45^10*t
L[1340]=r12^3*r13^3*r15*r23^4*r34^6*r35*r45^10*t
L[1341]=r12^4*r15^4*r24*r25^4*r34^4*r35*r45^10*t
L[1342]=r12^4*r15^4*r23*r25^4*r34^4*r35*r45^10*t
L[1343]=r12^4*r14*r15^4*r25^4*r34^4*r35*r45^10*t
L[1344]=r12^4*r13*r15^4*r25^4*r34^4*r35*r45^10*t
L[1345]=r12^3*r13^4*r14*r23^4*r25*r34^4*r35*r45^10*t
L[1346]=r12*r14^4*r15*r23^4*r24^3*r34^4*r35*r45^10*t
L[1347]=r12^3*r13^4*r15*r23^4*r24*r34^4*r35*r45^10*t
L[1348]=r12^4*r14^4*r23*r24^4*r25*r34^3*r35*r45^10*t
L[1349]=r12^4*r13*r14^4*r15*r24^4*r34^3*r35*r45^10*t
L[1350]=r13^3*r14^3*r15^3*r25^7*r34*r35*r45^10*t
L[1351]=r14^3*r15^4*r23^3*r25^6*r34*r35*r45^10*t
L[1352]=r14^4*r15^3*r23^3*r25^6*r34*r35*r45^10*t
L[1353]=r13^3*r15^3*r24^6*r25^4*r34*r35*r45^10*t
L[1354]=r13*r14^4*r23^4*r24^3*r25^4*r34*r35*r45^10*t
L[1355]=r13^4*r14^4*r23*r24^3*r25^4*r34*r35*r45^10*t
L[1356]=r13*r14^3*r15*r23^4*r24^4*r25^3*r34*r35*r45^10*t
L[1357]=r13^4*r15^4*r23*r24^4*r25^3*r34*r35*r45^10*t
L[1358]=r14*r15^6*r23^3*r24^3*r25^3*r34*r35*r45^10*t
L[1359]=r12*r13^3*r15^3*r24^3*r25^7*r35*r45^10*t
L[1360]=r12*r14^3*r15^3*r23^4*r25^6*r35*r45^10*t
L[1361]=r12*r13^3*r14^3*r15^4*r25^6*r35*r45^10*t
L[1362]=r12*r14^4*r23^4*r24^4*r25^4*r35*r45^10*t
L[1363]=r12^4*r14*r23^4*r24^4*r25^4*r35*r45^10*t
L[1364]=r12*r13^4*r14*r15^4*r24^4*r25^3*r35*r45^10*t
L[1365]=r12^4*r13^4*r14^4*r15^4*r24*r35*r45^10*t
L[1366]=r12^3*r13^4*r14^3*r24*r34^7*r45^10*t
L[1367]=r12^3*r13^3*r14*r23^4*r34^7*r45^10*t
L[1368]=r12*r13^4*r14^3*r24^4*r34^6*r45^10*t
L[1369]=r12^4*r13*r14^3*r24^4*r34^6*r45^10*t
L[1370]=r12*r13^3*r14*r23^4*r24^3*r34^6*r45^10*t
L[1371]=r12^4*r13^3*r14^4*r23*r34^6*r45^10*t
L[1372]=r12^4*r15^4*r23*r24*r25^4*r34^4*r45^10*t
L[1373]=r13^4*r14^4*r23*r24*r25^4*r34^4*r45^10*t
L[1374]=r12^4*r13*r14*r15^4*r25^4*r34^4*r45^10*t
L[1375]=r13*r14*r15^4*r23^4*r24^4*r34^4*r45^10*t
L[1376]=r12*r14^3*r15*r23^4*r24^4*r25^4*r34*r45^10*t
L[1377]=r12^4*r15*r23^4*r24^4*r25^4*r34*r45^10*t
L[1378]=r12*r13^4*r14^4*r15*r24^3*r25^4*r34*r45^10*t
L[1379]=r12*r13^3*r14^3*r24^7*r25^3*r34*r45^10*t
L[1380]=r12*r13^3*r14^3*r23*r24^6*r25^3*r34*r45^10*t
L[1381]=r12*r13^3*r14^4*r24^6*r25^3*r34*r45^10*t
L[1382]=r12^4*r13^4*r14^4*r15^4*r25*r34*r45^10*t
L[1383]=r13^3*r14^4*r15^3*r24*r25^7*r45^10*t
L[1384]=r13*r14^3*r15^3*r23^4*r25^7*r45^10*t
L[1385]=r13^3*r14^3*r24^6*r25^6*r45^10*t
L[1386]=r13^3*r14*r15^3*r23*r24^4*r25^6*r45^10*t
L[1387]=r13*r14^3*r15^3*r23^4*r24*r25^6*r45^10*t
L[1388]=r13^4*r14^4*r15^3*r24*r25^6*r45^10*t
L[1389]=r13^4*r14^3*r15^4*r23*r25^6*r45^10*t
L[1390]=r13^4*r14^4*r15^3*r23*r25^6*r45^10*t
L[1391]=r13^3*r14^3*r15*r24^7*r25^4*r45^10*t
L[1392]=r13^3*r14^3*r15*r23*r24^6*r25^4*r45^10*t
L[1393]=r13^4*r14^3*r15*r24^6*r25^4*r45^10*t
L[1394]=r13*r14^3*r24^4*r25^3*r34*r35^9*r45^7*t
L[1395]=r12*r14^3*r24^4*r25^3*r34*r35^9*r45^7*t
L[1396]=r14^4*r23*r24^3*r25^3*r34*r35^9*r45^7*t
L[1397]=r12*r14^4*r24^3*r25^3*r34*r35^9*r45^7*t
L[1398]=r12^4*r14^3*r15^3*r25*r34*r35^9*r45^7*t
L[1399]=r12^4*r13^3*r23^4*r34*r35^9*r45^7*t
L[1400]=r12^3*r15*r24^4*r25^4*r35^9*r45^7*t
L[1401]=r12^3*r14*r24^4*r25^4*r35^9*r45^7*t
L[1402]=r12^3*r13*r23*r24^3*r25^4*r35^9*r45^7*t
L[1403]=r13^4*r15*r24^3*r25^4*r35^9*r45^7*t
L[1404]=r14^3*r15^4*r23^4*r25*r35^9*r45^7*t
L[1405]=r12^3*r14^4*r15^4*r24*r35^9*r45^7*t
L[1406]=r12^4*r13^4*r15^3*r24*r35^9*r45^7*t
L[1407]=r12^3*r13*r14^3*r15^4*r23*r35^9*r45^7*t
L[1408]=r12^4*r13^3*r14*r15^3*r23*r35^9*r45^7*t
L[1409]=r13*r14^3*r24^3*r25*r34^6*r35^7*r45^7*t
L[1410]=r12*r14^3*r24^3*r25*r34^6*r35^7*r45^7*t
L[1411]=r12*r14^3*r23^3*r25*r34^6*r35^7*r45^7*t
L[1412]=r12^3*r15^3*r23*r25*r34^6*r35^7*r45^7*t
L[1413]=r12^3*r14*r15^3*r25*r34^6*r35^7*r45^7*t
L[1414]=r14^3*r15*r23*r24^3*r34^6*r35^7*r45^7*t
L[1415]=r12*r14^3*r15*r24^3*r34^6*r35^7*r45^7*t
L[1416]=r12*r13^3*r15*r24^3*r34^6*r35^7*r45^7*t
L[1417]=r12^3*r15^4*r24*r34^6*r35^7*r45^7*t
L[1418]=r12^3*r13*r15^4*r34^6*r35^7*r45^7*t
L[1419]=r12*r14^4*r24^4*r25*r34^4*r35^7*r45^7*t
L[1420]=r12^3*r13*r23^4*r24*r25*r34^4*r35^7*r45^7*t
L[1421]=r12*r14^4*r15*r24^4*r34^4*r35^7*r45^7*t
L[1422]=r12^3*r15*r24^3*r25^6*r34*r35^7*r45^7*t
L[1423]=r12^3*r15*r23^3*r25^6*r34*r35^7*r45^7*t
L[1424]=r12^3*r15^3*r23*r25^6*r34*r35^7*r45^7*t
L[1425]=r12^3*r14*r23^4*r24*r25^4*r34*r35^7*r45^7*t
L[1426]=r12^3*r14*r24^6*r25^3*r34*r35^7*r45^7*t
L[1427]=r12^3*r14^3*r15^6*r25*r34*r35^7*r45^7*t
L[1428]=r12^6*r14^3*r15^3*r25*r34*r35^7*r45^7*t
L[1429]=r13*r14^3*r15^3*r23^6*r34*r35^7*r45^7*t
L[1430]=r12^6*r13^3*r15^4*r34*r35^7*r45^7*t
L[1431]=r12^4*r23*r24^3*r25^6*r35^7*r45^7*t
L[1432]=r12^4*r15*r24^3*r25^6*r35^7*r45^7*t
L[1433]=r12^4*r15^3*r24*r25^6*r35^7*r45^7*t
L[1434]=r13*r14^3*r24^6*r25^4*r35^7*r45^7*t
L[1435]=r12*r14^3*r24^6*r25^4*r35^7*r45^7*t
L[1436]=r14^6*r15*r23*r24^3*r25^3*r35^7*r45^7*t
L[1437]=r12^3*r13^3*r14*r23^6*r25*r35^7*r45^7*t
L[1438]=r12^4*r14^3*r15^6*r25*r35^7*r45^7*t
L[1439]=r12^3*r15^3*r23*r24*r34^7*r35^6*r45^7*t
L[1440]=r12*r14^3*r24*r25^4*r34^6*r35^6*r45^7*t
L[1441]=r12^3*r23*r24^4*r25*r34^6*r35^6*r45^7*t
L[1442]=r12^3*r15*r24^4*r25*r34^6*r35^6*r45^7*t
L[1443]=r12^3*r14*r24^4*r25*r34^6*r35^6*r45^7*t
L[1444]=r12*r13^3*r15*r24^3*r25*r34^6*r35^6*r45^7*t
L[1445]=r12^3*r13*r15*r24^3*r25*r34^6*r35^6*r45^7*t
L[1446]=r12^3*r13*r14*r24^3*r25*r34^6*r35^6*r45^7*t
L[1447]=r12^3*r13*r15^3*r24*r25*r34^6*r35^6*r45^7*t
L[1448]=r12*r14^3*r15*r23^3*r25*r34^6*r35^6*r45^7*t
L[1449]=r12^3*r15^4*r23*r25*r34^6*r35^6*r45^7*t
L[1450]=r12^3*r13*r23*r24^4*r34^6*r35^6*r45^7*t
L[1451]=r13^4*r14*r24^4*r34^6*r35^6*r45^7*t
L[1452]=r12^3*r13*r14*r24^4*r34^6*r35^6*r45^7*t
L[1453]=r12^3*r14*r15*r23*r24^3*r34^6*r35^6*r45^7*t
L[1454]=r12*r13^4*r23*r24^3*r34^6*r35^6*r45^7*t
L[1455]=r12*r14*r15^4*r24^3*r34^6*r35^6*r45^7*t
L[1456]=r14^4*r23^4*r24*r34^6*r35^6*r45^7*t
L[1457]=r12^3*r15^4*r23*r24*r34^6*r35^6*r45^7*t
L[1458]=r12^4*r15^3*r23*r24*r34^6*r35^6*r45^7*t
L[1459]=r12*r13*r14^3*r23^4*r34^6*r35^6*r45^7*t
L[1460]=r12^4*r13*r15^3*r23*r34^6*r35^6*r45^7*t
L[1461]=r12^3*r15*r24*r25^6*r34^4*r35^6*r45^7*t
L[1462]=r14^4*r15*r23*r24^4*r25*r34^4*r35^6*r45^7*t
L[1463]=r13*r14^4*r15*r24^4*r25*r34^4*r35^6*r45^7*t
L[1464]=r12^4*r14*r15*r23*r24^3*r25*r34^4*r35^6*r45^7*t
L[1465]=r12^3*r13*r14*r24^6*r34^4*r35^6*r45^7*t
L[1466]=r12^3*r14^6*r23*r24*r34^4*r35^6*r45^7*t
L[1467]=r12^3*r13*r14*r23^6*r34^4*r35^6*r45^7*t
L[1468]=r14^3*r23*r24^4*r25^6*r34*r35^6*r45^7*t
L[1469]=r13*r14^3*r24^4*r25^6*r34*r35^6*r45^7*t
L[1470]=r12*r14^3*r24^4*r25^6*r34*r35^6*r45^7*t
L[1471]=r12^3*r14*r15^3*r24*r25^6*r34*r35^6*r45^7*t
L[1472]=r12^4*r15*r23^3*r25^6*r34*r35^6*r45^7*t
L[1473]=r12^4*r15^3*r23*r25^6*r34*r35^6*r45^7*t
L[1474]=r12^4*r14*r24^6*r25^3*r34*r35^6*r45^7*t
L[1475]=r12*r13*r15^4*r23*r24^4*r25^3*r34*r35^6*r45^7*t
L[1476]=r14*r15^6*r23*r24^3*r25^3*r34*r35^6*r45^7*t
L[1477]=r12^4*r13*r23^6*r25^3*r34*r35^6*r45^7*t
L[1478]=r12^4*r14^6*r15^3*r24*r34*r35^6*r45^7*t
L[1479]=r14^4*r23*r24^4*r25^6*r35^6*r45^7*t
L[1480]=r13*r14^4*r24^4*r25^6*r35^6*r45^7*t
L[1481]=r12^3*r13*r23^4*r24*r25^6*r35^6*r45^7*t
L[1482]=r14^3*r15*r23*r24^6*r25^4*r35^6*r45^7*t
L[1483]=r13*r14^3*r15*r24^6*r25^4*r35^6*r45^7*t
L[1484]=r14^6*r15*r23*r24^3*r25^4*r35^6*r45^7*t
L[1485]=r13^6*r15^3*r23*r24*r25^4*r35^6*r45^7*t
L[1486]=r13^3*r14*r15*r23^6*r25^4*r35^6*r45^7*t
L[1487]=r14*r15^6*r23*r24^4*r25^3*r35^6*r45^7*t
L[1488]=r13*r14*r15^4*r23^6*r25^3*r35^6*r45^7*t
L[1489]=r12^3*r13*r15*r25^6*r34^6*r35^4*r45^7*t
L[1490]=r12*r13^3*r14*r25^6*r34^6*r35^4*r45^7*t
L[1491]=r14^4*r15*r23*r24*r25^4*r34^6*r35^4*r45^7*t
L[1492]=r12^3*r23*r24^6*r25*r34^6*r35^4*r45^7*t
L[1493]=r12^3*r14*r24^6*r25*r34^6*r35^4*r45^7*t
L[1494]=r13*r14*r15^4*r24^4*r25*r34^6*r35^4*r45^7*t
L[1495]=r12^3*r15^6*r23*r25*r34^6*r35^4*r45^7*t
L[1496]=r12^3*r15*r23^6*r24*r34^6*r35^4*r45^7*t
L[1497]=r12*r15^6*r23^3*r24*r34^6*r35^4*r45^7*t
L[1498]=r12^3*r13*r15*r23^6*r34^6*r35^4*r45^7*t
L[1499]=r12^4*r13*r23*r24*r25^6*r34^4*r35^4*r45^7*t
L[1500]=r14^3*r23*r24^6*r25^6*r34*r35^4*r45^7*t
L[1501]=r13*r14^3*r24^6*r25^6*r34*r35^4*r45^7*t
L[1502]=r12^6*r15^3*r23*r25^6*r34*r35^4*r45^7*t
L[1503]=r12*r13^3*r23^6*r24*r25^6*r35^4*r45^7*t
L[1504]=r12^4*r14^3*r24^4*r34^9*r35*r45^7*t
L[1505]=r12^4*r13^3*r23^4*r34^9*r35*r45^7*t
L[1506]=r12^6*r14^3*r24^4*r34^7*r35*r45^7*t
L[1507]=r12^3*r13*r23^6*r24^3*r34^7*r35*r45^7*t
L[1508]=r12^6*r13^3*r23^4*r34^7*r35*r45^7*t
L[1509]=r12*r13^3*r14^3*r15*r25^6*r34^6*r35*r45^7*t
L[1510]=r12*r15^6*r23^3*r24^3*r25*r34^6*r35*r45^7*t
L[1511]=r12*r13^3*r23^6*r24^4*r34^6*r35*r45^7*t
L[1512]=r12*r14^3*r23^3*r24^6*r25^6*r34*r35*r45^7*t
L[1513]=r14^4*r23^4*r24^6*r25^6*r35*r45^7*t
L[1514]=r13^4*r23^6*r24^4*r25^6*r35*r45^7*t
L[1515]=r12^4*r14^3*r24^6*r25*r34^7*r45^7*t
L[1516]=r12^4*r13^3*r15*r23^6*r34^7*r45^7*t
L[1517]=r12^3*r13*r23^4*r24^6*r25*r34^6*r45^7*t
L[1518]=r12^3*r13*r23^6*r24^4*r25*r34^6*r45^7*t
L[1519]=r13^3*r14*r15*r23^6*r24^4*r34^6*r45^7*t
L[1520]=r13*r14^4*r15*r23^6*r24^3*r34^6*r45^7*t
L[1521]=r12*r13^3*r23^6*r24^6*r25*r34^4*r45^7*t
L[1522]=r13^3*r15^4*r24^6*r25^7*r34*r45^7*t
L[1523]=r13*r15^6*r23^3*r24^6*r25^4*r34*r45^7*t
L[1524]=r12*r14^3*r15^4*r23^6*r25^7*r45^7*t
L[1525]=r12*r14^4*r23^6*r24^6*r25^4*r45^7*t
L[1526]=r13*r14^3*r23*r25^6*r34^6*r35^7*r45^4*t
L[1527]=r12^3*r14*r23*r25^6*r34^6*r35^7*r45^4*t
L[1528]=r12^3*r14*r15*r25^6*r34^6*r35^7*r45^4*t
L[1529]=r12*r13*r14^3*r25^6*r34^6*r35^7*r45^4*t
L[1530]=r13*r15^6*r23*r24^3*r34^6*r35^7*r45^4*t
L[1531]=r12*r15^6*r23*r24^3*r34^6*r35^7*r45^4*t
L[1532]=r12^3*r13*r14*r23*r25^6*r34^6*r35^6*r45^4*t
L[1533]=r14*r15^6*r23^6*r25^4*r34*r35^6*r45^4*t
L[1534]=r14^6*r23^6*r24^4*r25*r34^6*r35*r45^4*t
L[1535]=r14^6*r15*r23^6*r24^4*r34^6*r35*r45^4*t
L[1536]=r12*r13^4*r24^3*r25^3*r34*r35^7*r45^10*t
L[1537]=r12^3*r13^4*r23^3*r24*r34*r35^7*r45^10*t
L[1538]=r12^4*r13^3*r23^3*r24*r34*r35^7*r45^10*t
L[1539]=r12*r14^3*r15^3*r23^4*r34*r35^7*r45^10*t
L[1540]=r12^3*r13^3*r14*r23^4*r34*r35^7*r45^10*t
L[1541]=r12^4*r14^4*r15^3*r34*r35^7*r45^10*t
L[1542]=r13^3*r15^3*r25^6*r35^7*r45^10*t
L[1543]=r13^3*r14*r15*r24^3*r25^4*r35^7*r45^10*t
L[1544]=r14^3*r15^4*r23^3*r24*r25*r35^7*r45^10*t
L[1545]=r14^4*r15^3*r23^3*r24*r25*r35^7*r45^10*t
L[1546]=r13*r14^3*r15^3*r23^4*r25*r35^7*r45^10*t
L[1547]=r12^3*r13^3*r15*r23^4*r25*r35^7*r45^10*t
L[1548]=r12^3*r13^4*r15^4*r25*r35^7*r45^10*t
L[1549]=r12^3*r13^3*r14*r15^4*r24*r35^7*r45^10*t
L[1550]=r12^4*r13*r14^3*r15^3*r24*r35^7*r45^10*t
L[1551]=r12^3*r13^4*r15^4*r23*r35^7*r45^10*t
L[1552]=r12^4*r14^4*r15^3*r23*r35^7*r45^10*t
L[1553]=r12*r13^4*r23^3*r25*r34^4*r35^6*r45^10*t
L[1554]=r12*r13^3*r15*r23^4*r34^4*r35^6*r45^10*t
L[1555]=r12^4*r13*r24^3*r25^4*r34*r35^6*r45^10*t
L[1556]=r13^3*r14*r15*r23^3*r25^4*r34*r35^6*r45^10*t
L[1557]=r13^3*r14*r15*r24^4*r25^3*r34*r35^6*r45^10*t
L[1558]=r12^3*r14*r15*r23^4*r25^3*r34*r35^6*r45^10*t
L[1559]=r13^3*r15^4*r24^4*r25*r34*r35^6*r45^10*t
L[1560]=r13^4*r15^3*r24^4*r25*r34*r35^6*r45^10*t
L[1561]=r14^3*r15^4*r23^3*r24*r25*r34*r35^6*r45^10*t
L[1562]=r14^4*r15^3*r23^3*r24*r25*r34*r35^6*r45^10*t
L[1563]=r12^4*r14^3*r15^4*r23*r34*r35^6*r45^10*t
L[1564]=r12^4*r13*r24^4*r25^4*r35^6*r45^10*t
L[1565]=r12*r13^4*r15^3*r23*r25^4*r35^6*r45^10*t
L[1566]=r12*r14^4*r15*r23^4*r25^3*r35^6*r45^10*t
L[1567]=r12^4*r14^4*r15^4*r23*r35^6*r45^10*t
L[1568]=r12*r13^4*r23^3*r24*r34^6*r35^4*r45^10*t
L[1569]=r12*r13^3*r14*r23^4*r34^6*r35^4*r45^10*t
L[1570]=r14^6*r15*r23^3*r24*r25^4*r35^4*r45^10*t
L[1571]=r12^4*r13^3*r23^3*r25*r34^7*r35*r45^10*t
L[1572]=r12^4*r14^3*r15*r24^3*r34^7*r35*r45^10*t
L[1573]=r12^3*r15^4*r24*r25^4*r34^6*r35*r45^10*t
L[1574]=r12^3*r14*r15^4*r25^4*r34^6*r35*r45^10*t
L[1575]=r13^3*r14^4*r24^4*r25*r34^6*r35*r45^10*t
L[1576]=r13^4*r14^3*r24^4*r25*r34^6*r35*r45^10*t
L[1577]=r13^3*r14*r15*r23^3*r24^4*r34^6*r35*r45^10*t
L[1578]=r12^4*r15^3*r24*r25^6*r34^4*r35*r45^10*t
L[1579]=r12^4*r13*r15^3*r25^6*r34^4*r35*r45^10*t
L[1580]=r12^4*r15^6*r23*r25^3*r34^4*r35*r45^10*t
L[1581]=r12^4*r14*r15^6*r25^3*r34^4*r35*r45^10*t
L[1582]=r12^3*r13^6*r23^3*r24*r25*r34^4*r35*r45^10*t
L[1583]=r12^3*r13^3*r14*r15*r23^6*r34^4*r35*r45^10*t
L[1584]=r12^6*r15^4*r23*r25^4*r34^3*r35*r45^10*t
L[1585]=r12^6*r13*r15^4*r25^4*r34^3*r35*r45^10*t
L[1586]=r12^4*r13*r14^3*r24^6*r25*r34^3*r35*r45^10*t
L[1587]=r12^4*r14^6*r15*r23*r24^3*r34^3*r35*r45^10*t
L[1588]=r14^3*r15*r23^3*r24^4*r25^6*r34*r35*r45^10*t
L[1589]=r13^3*r14^4*r15*r24^3*r25^6*r34*r35*r45^10*t
L[1590]=r14^4*r23^3*r24^6*r25^4*r34*r35*r45^10*t
L[1591]=r15^6*r23^3*r24^4*r25^4*r34*r35*r45^10*t
L[1592]=r14^6*r23^3*r24^4*r25^4*r34*r35*r45^10*t
L[1593]=r12^6*r23^3*r24^4*r25^4*r34*r35*r45^10*t
L[1594]=r13^3*r14*r15^4*r24^6*r25^3*r34*r35*r45^10*t
L[1595]=r12^6*r13^3*r14^4*r15^4*r34*r35*r45^10*t
L[1596]=r12*r13^4*r14^3*r15^3*r25^7*r35*r45^10*t
L[1597]=r12*r14^3*r15*r23^4*r24^3*r25^6*r35*r45^10*t
L[1598]=r12^4*r15*r23^4*r24^3*r25^6*r35*r45^10*t
L[1599]=r12*r13*r14^3*r23^6*r24^3*r25^4*r35*r45^10*t
L[1600]=r12*r13^4*r23^6*r24^3*r25^4*r35*r45^10*t
L[1601]=r12*r13^6*r15^4*r23*r24^3*r25^3*r35*r45^10*t
L[1602]=r12^4*r13^4*r14^3*r15^6*r25*r35*r45^10*t
L[1603]=r12^3*r14^3*r15*r24^4*r25*r34^7*r45^10*t
L[1604]=r12^3*r13^3*r14^4*r15*r25*r34^7*r45^10*t
L[1605]=r13^3*r14^3*r24^6*r34^7*r45^10*t
L[1606]=r12^3*r13*r14^3*r23*r24^4*r34^7*r45^10*t
L[1607]=r12^3*r13^4*r14^4*r23*r34^7*r45^10*t
L[1608]=r12^3*r14*r15^4*r24*r25^4*r34^6*r45^10*t
L[1609]=r12*r13^4*r14^3*r24*r25^4*r34^6*r45^10*t
L[1610]=r12^3*r14^4*r15*r24^4*r25*r34^6*r45^10*t
L[1611]=r12^3*r13^4*r15*r23^4*r25*r34^6*r45^10*t
L[1612]=r12^4*r13^3*r15*r23^4*r25*r34^6*r45^10*t
L[1613]=r12^4*r13^4*r14^3*r15*r25*r34^6*r45^10*t
L[1614]=r12*r13^3*r14^3*r24^6*r34^6*r45^10*t
L[1615]=r12*r14*r15^4*r23^4*r24^3*r34^6*r45^10*t
L[1616]=r12^3*r13^4*r14*r23^4*r24*r34^6*r45^10*t
L[1617]=r12^4*r13^3*r14*r23^4*r24*r34^6*r45^10*t
L[1618]=r12^4*r13^4*r14^4*r24*r34^6*r45^10*t
L[1619]=r12^4*r13*r15^3*r24*r25^6*r34^4*r45^10*t
L[1620]=r13^3*r14^4*r15*r24*r25^6*r34^4*r45^10*t
L[1621]=r12^4*r14*r15^6*r23*r25^3*r34^4*r45^10*t
L[1622]=r14*r15^6*r23^3*r24^4*r25*r34^4*r45^10*t
L[1623]=r12^6*r13*r14^4*r24^4*r34^4*r45^10*t
L[1624]=r12^6*r13^3*r14^4*r23*r24*r34^4*r45^10*t
L[1625]=r12^6*r13*r15^4*r23*r25^4*r34^3*r45^10*t
L[1626]=r12^6*r13*r14^4*r23*r24^4*r34^3*r45^10*t
L[1627]=r12*r13^3*r15^3*r24^4*r25^7*r34*r45^10*t
L[1628]=r12*r13^4*r14^3*r15^3*r25^7*r34*r45^10*t
L[1629]=r12*r13^3*r15^3*r23*r24^4*r25^6*r34*r45^10*t
L[1630]=r12*r13^4*r15^3*r24^4*r25^6*r34*r45^10*t
L[1631]=r12*r14^3*r15^4*r23^4*r25^6*r34*r45^10*t
L[1632]=r12*r14^4*r15^3*r23^4*r25^6*r34*r45^10*t
L[1633]=r12*r13^3*r14^4*r15^4*r25^6*r34*r45^10*t
L[1634]=r12*r13^4*r14^4*r15^3*r25^6*r34*r45^10*t
L[1635]=r12*r14^4*r23^4*r24^6*r25^3*r34*r45^10*t
L[1636]=r12^4*r14*r23^4*r24^6*r25^3*r34*r45^10*t
L[1637]=r12*r13*r14^3*r23^6*r24^4*r25^3*r34*r45^10*t
L[1638]=r12*r13^4*r23^6*r24^4*r25^3*r34*r45^10*t
L[1639]=r12*r13^6*r14^4*r23*r24^3*r25^3*r34*r45^10*t
L[1640]=r12^4*r13^4*r14^6*r15^3*r24*r34*r45^10*t
L[1641]=r13^3*r14^3*r15^4*r23*r24*r25^7*r45^10*t
L[1642]=r13^4*r14^4*r15^4*r25^7*r45^10*t
L[1643]=r13*r14^4*r23^4*r24^4*r25^6*r45^10*t
L[1644]=r13^4*r14^4*r23*r24^4*r25^6*r45^10*t
L[1645]=r13*r14^3*r15*r23^4*r24^6*r25^4*r45^10*t
L[1646]=r13^4*r15^4*r23*r24^6*r25^4*r45^10*t
L[1647]=r14^4*r15*r23^6*r24^4*r25^4*r45^10*t
L[1648]=r13^3*r14*r15*r23^6*r24^4*r25^4*r45^10*t
L[1649]=r12^3*r14*r15*r23^6*r24^4*r25^4*r45^10*t
L[1650]=r13^4*r14^6*r15*r23*r24^3*r25^4*r45^10*t
L[1651]=r13^4*r14*r15^6*r23*r24^4*r25^3*r45^10*t
L[1652]=r12^3*r13^6*r14^4*r15^4*r24*r25*r45^10*t
L[1653]=r12*r14^3*r24^3*r34^6*r35^9*r45^7*t
L[1654]=r12^3*r15^4*r23*r25^4*r34*r35^9*r45^7*t
L[1655]=r12^4*r15^3*r23*r25^4*r34*r35^9*r45^7*t
L[1656]=r12^3*r15*r24^3*r25^6*r35^9*r45^7*t
L[1657]=r13^4*r14*r24^4*r25^4*r35^9*r45^7*t
L[1658]=r14^4*r15^4*r23^4*r24*r35^9*r45^7*t
L[1659]=r12^4*r13^4*r23^4*r24*r35^9*r45^7*t
L[1660]=r14^4*r23*r24^3*r25*r34^6*r35^7*r45^7*t
L[1661]=r12^3*r13*r23*r24^3*r25*r34^6*r35^7*r45^7*t
L[1662]=r13^4*r14*r24^3*r25*r34^6*r35^7*r45^7*t
L[1663]=r13*r14^3*r23^3*r24*r25*r34^6*r35^7*r45^7*t
L[1664]=r14^4*r23^4*r25*r34^6*r35^7*r45^7*t
L[1665]=r12^4*r15^4*r25*r34^6*r35^7*r45^7*t
L[1666]=r13*r14^3*r15*r24^4*r34^6*r35^7*r45^7*t
L[1667]=r13^4*r15*r24^4*r34^6*r35^7*r45^7*t
L[1668]=r12^3*r13*r15*r24^4*r34^6*r35^7*r45^7*t
L[1669]=r13^3*r14*r15*r23*r24^3*r34^6*r35^7*r45^7*t
L[1670]=r14^3*r15*r23^4*r24*r34^6*r35^7*r45^7*t
L[1671]=r12^3*r14*r23^6*r25*r34^4*r35^7*r45^7*t
L[1672]=r13^4*r15*r24^3*r25^6*r34*r35^7*r45^7*t
L[1673]=r12^3*r14*r23^3*r24*r25^6*r34*r35^7*r45^7*t
L[1674]=r12^3*r13*r23^4*r25^6*r34*r35^7*r45^7*t
L[1675]=r13^6*r23*r24^3*r25^4*r34*r35^7*r45^7*t
L[1676]=r12*r13^3*r23^6*r25^4*r34*r35^7*r45^7*t
L[1677]=r12^3*r13*r23^6*r25^4*r34*r35^7*r45^7*t
L[1678]=r12^3*r15^6*r23*r25^4*r34*r35^7*r45^7*t
L[1679]=r12^6*r15^3*r23*r25^4*r34*r35^7*r45^7*t
L[1680]=r13^4*r14*r24^6*r25^3*r34*r35^7*r45^7*t
L[1681]=r15^6*r23*r24^4*r25^3*r34*r35^7*r45^7*t
L[1682]=r13^6*r23*r24^4*r25^3*r34*r35^7*r45^7*t
L[1683]=r13*r15^6*r24^4*r25^3*r34*r35^7*r45^7*t
L[1684]=r13*r14^3*r15*r23^6*r25^3*r34*r35^7*r45^7*t
L[1685]=r12^4*r23^4*r24*r25^6*r35^7*r45^7*t
L[1686]=r12^4*r14*r23^6*r25^4*r35^7*r45^7*t
L[1687]=r14^3*r15*r23*r24*r25^4*r34^6*r35^6*r45^7*t
L[1688]=r14^4*r23*r24*r25^4*r34^6*r35^6*r45^7*t
L[1689]=r12*r13^4*r23*r25^4*r34^6*r35^6*r45^7*t
L[1690]=r14^3*r15*r23*r24^4*r25*r34^6*r35^6*r45^7*t
L[1691]=r12*r14^3*r15*r24^4*r25*r34^6*r35^6*r45^7*t
L[1692]=r12^4*r13*r23*r24^3*r25*r34^6*r35^6*r45^7*t
L[1693]=r13*r14*r15^4*r24^3*r25*r34^6*r35^6*r45^7*t
L[1694]=r13*r14^4*r15*r24^3*r25*r34^6*r35^6*r45^7*t
L[1695]=r12*r14^4*r15*r24^3*r25*r34^6*r35^6*r45^7*t
L[1696]=r12^3*r14*r24^6*r34^6*r35^6*r45^7*t
L[1697]=r12*r13*r14^3*r23*r24^4*r34^6*r35^6*r45^7*t
L[1698]=r13*r14*r15^4*r24^4*r34^6*r35^6*r45^7*t
L[1699]=r12*r13*r14^4*r23*r24^3*r34^6*r35^6*r45^7*t
L[1700]=r12^3*r13*r23^6*r34^6*r35^6*r45^7*t
L[1701]=r12*r13*r15^4*r23^4*r34^6*r35^6*r45^7*t
L[1702]=r12^3*r13*r23*r24*r25^6*r34^4*r35^6*r45^7*t
L[1703]=r12^4*r23*r24*r25^6*r34^4*r35^6*r45^7*t
L[1704]=r13^4*r15*r24*r25^6*r34^4*r35^6*r45^7*t
L[1705]=r13^3*r14*r15*r23*r25^6*r34^4*r35^6*r45^7*t
L[1706]=r14^6*r23*r24*r25^4*r34^4*r35^6*r45^7*t
L[1707]=r13^6*r23*r24*r25^4*r34^4*r35^6*r45^7*t
L[1708]=r13*r14^3*r15*r24^6*r25*r34^4*r35^6*r45^7*t
L[1709]=r14^6*r15*r23*r24^3*r25*r34^4*r35^6*r45^7*t
L[1710]=r13*r15^6*r23^3*r24*r25*r34^4*r35^6*r45^7*t
L[1711]=r14*r15^6*r23^4*r25*r34^4*r35^6*r45^7*t
L[1712]=r13*r14*r15^4*r24^6*r34^4*r35^6*r45^7*t
L[1713]=r13*r14*r15^4*r23^6*r34^4*r35^6*r45^7*t
L[1714]=r15^6*r23*r24^4*r25^4*r34*r35^6*r45^7*t
L[1715]=r13*r15^6*r24^4*r25^4*r34*r35^6*r45^7*t
L[1716]=r12*r15^6*r24^4*r25^4*r34*r35^6*r45^7*t
L[1717]=r12*r14^3*r15*r23^6*r25^4*r34*r35^6*r45^7*t
L[1718]=r14^3*r23*r24^6*r25^6*r35^6*r45^7*t
L[1719]=r13*r14^3*r24^6*r25^6*r35^6*r45^7*t
L[1720]=r13^3*r23^6*r24*r25^6*r35^6*r45^7*t
L[1721]=r13^3*r14*r23^6*r25^6*r35^6*r45^7*t
L[1722]=r13*r14^3*r15*r23^6*r24*r25^4*r35^6*r45^7*t
L[1723]=r13*r14^4*r24*r25^6*r34^6*r35^4*r45^7*t
L[1724]=r13^4*r14*r24*r25^6*r34^6*r35^4*r45^7*t
L[1725]=r12^3*r13*r14*r24*r25^6*r34^6*r35^4*r45^7*t
L[1726]=r12*r14*r15^4*r25^6*r34^6*r35^4*r45^7*t
L[1727]=r13*r14^4*r15*r25^6*r34^6*r35^4*r45^7*t
L[1728]=r12*r15^6*r24*r25^4*r34^6*r35^4*r45^7*t
L[1729]=r15^6*r23*r24^4*r25*r34^6*r35^4*r45^7*t
L[1730]=r13^6*r23*r24^4*r25*r34^6*r35^4*r45^7*t
L[1731]=r14*r15^6*r23*r24^4*r34^6*r35^4*r45^7*t
L[1732]=r14*r15^6*r23^4*r24*r34^6*r35^4*r45^7*t
L[1733]=r13*r14^4*r15*r23^6*r34^6*r35^4*r45^7*t
L[1734]=r14^6*r23*r24^4*r25^6*r34*r35^4*r45^7*t
L[1735]=r15^6*r23*r24^6*r25^4*r34*r35^4*r45^7*t
L[1736]=r13*r15^6*r24^6*r25^4*r34*r35^4*r45^7*t
L[1737]=r12^6*r15^6*r23*r25^4*r34*r35^4*r45^7*t
L[1738]=r12*r14^3*r15*r23^6*r24*r25^6*r35^4*r45^7*t
L[1739]=r12^4*r23^4*r24^4*r34^9*r35*r45^7*t
L[1740]=r12^3*r15*r23^3*r24^6*r25*r34^7*r35*r45^7*t
L[1741]=r12^3*r13*r23^4*r24^6*r34^7*r35*r45^7*t
L[1742]=r13^3*r14*r23^6*r24^4*r34^7*r35*r45^7*t
L[1743]=r12^6*r23^4*r24^4*r34^7*r35*r45^7*t
L[1744]=r13*r14^4*r23^6*r24^3*r34^7*r35*r45^7*t
L[1745]=r12*r14^4*r23^6*r24^4*r34^6*r35*r45^7*t
L[1746]=r15^6*r23^4*r24^4*r25^7*r35*r45^7*t
L[1747]=r13^3*r23^6*r24^6*r25^6*r35*r45^7*t
L[1748]=r12^4*r23^4*r24^6*r25*r34^7*r45^7*t
L[1749]=r12^4*r15*r23^6*r24^4*r34^7*r45^7*t
L[1750]=r13^3*r23^6*r24^6*r25*r34^6*r45^7*t
L[1751]=r13*r14^4*r23^6*r24^4*r25*r34^6*r45^7*t
L[1752]=r13^3*r15*r23^6*r24^6*r34^6*r45^7*t
L[1753]=r12*r14^4*r23^6*r24^6*r25*r34^4*r45^7*t
L[1754]=r14^3*r15*r23^4*r24^6*r25^7*r34*r45^7*t
L[1755]=r12*r14^3*r15*r23^6*r24^4*r25^7*r45^7*t
L[1756]=r13^4*r14*r23*r25^6*r34^6*r35^7*r45^4*t
L[1757]=r12*r13*r15^4*r25^6*r34^6*r35^7*r45^4*t
L[1758]=r13^4*r14*r15*r25^6*r34^6*r35^7*r45^4*t
L[1759]=r12*r15^6*r23*r25^4*r34^6*r35^7*r45^4*t
L[1760]=r15^6*r23^4*r24*r25*r34^6*r35^7*r45^4*t
L[1761]=r13*r15^6*r23^4*r24*r34^6*r35^7*r45^4*t
L[1762]=r15^6*r23^6*r24*r25^4*r34*r35^7*r45^4*t
L[1763]=r13*r14*r15^4*r23*r25^6*r34^6*r35^6*r45^4*t
L[1764]=r13*r15^6*r23*r24*r25^4*r34^6*r35^6*r45^4*t
L[1765]=r12*r14^3*r15*r23^3*r24^3*r25^4*r34*r35*r45^13*t
L[1766]=r12*r14^4*r23^3*r24^4*r25^3*r34*r35*r45^13*t
L[1767]=r12*r13^4*r23^4*r24^3*r25^3*r34*r35*r45^13*t
L[1768]=r13^4*r15^4*r24^4*r25^4*r35*r45^13*t
L[1769]=r14^4*r15*r23^4*r24^3*r25^4*r35*r45^13*t
L[1770]=r13^4*r14^4*r24^4*r25^4*r34*r45^13*t
L[1771]=r14^4*r15*r23^4*r24^4*r25^3*r34*r45^13*t
L[1772]=r12^4*r13*r23^4*r24^4*r25^4*r45^13*t
L[1773]=r12^4*r13^4*r14^4*r15^4*r23*r45^13*t
L[1774]=r14^3*r15^3*r25^6*r34*r35^7*r45^10*t
L[1775]=r12^3*r15^4*r24*r25^4*r34*r35^7*r45^10*t
L[1776]=r12^4*r15^3*r24*r25^4*r34*r35^7*r45^10*t
L[1777]=r12^4*r13*r15^3*r24*r25^3*r34*r35^7*r45^10*t
L[1778]=r12*r14^4*r23^4*r25^3*r34*r35^7*r45^10*t
L[1779]=r12^4*r14*r15^3*r23*r25^3*r34*r35^7*r45^10*t
L[1780]=r12*r13^4*r15^3*r24^4*r34*r35^7*r45^10*t
L[1781]=r12^4*r14^4*r23*r24^3*r34*r35^7*r45^10*t
L[1782]=r14^3*r15^3*r24*r25^6*r35^7*r45^10*t
L[1783]=r14^4*r15^3*r25^6*r35^7*r45^10*t
L[1784]=r12^3*r14*r15^4*r24*r25^4*r35^7*r45^10*t
L[1785]=r13^4*r15*r23^4*r25^4*r35^7*r45^10*t
L[1786]=r12^3*r13*r15^4*r23*r25^4*r35^7*r45^10*t
L[1787]=r13^4*r15*r23*r24^4*r25^3*r35^7*r45^10*t
L[1788]=r12^4*r14*r23*r24^4*r25^3*r35^7*r45^10*t
L[1789]=r12^3*r14^4*r15*r24^4*r25*r35^7*r45^10*t
L[1790]=r13^4*r15^4*r23*r24^3*r25*r35^7*r45^10*t
L[1791]=r12^3*r15^3*r24*r25*r34^6*r35^6*r45^10*t
L[1792]=r12^3*r13^3*r24*r25*r34^6*r35^6*r45^10*t
L[1793]=r12^3*r13^4*r25*r34^6*r35^6*r45^10*t
L[1794]=r12^3*r14^3*r15*r23*r34^6*r35^6*r45^10*t
L[1795]=r12^3*r14*r15^4*r34^6*r35^6*r45^10*t
L[1796]=r12^3*r14^4*r15*r34^6*r35^6*r45^10*t
L[1797]=r12*r13^4*r24^4*r25*r34^4*r35^6*r45^10*t
L[1798]=r12*r14^4*r15*r23^4*r34^4*r35^6*r45^10*t
L[1799]=r14^3*r15^3*r25^7*r34*r35^6*r45^10*t
L[1800]=r14^3*r15^3*r24*r25^6*r34*r35^6*r45^10*t
L[1801]=r12^3*r15^3*r24*r25^6*r34*r35^6*r45^10*t
L[1802]=r14^3*r15^4*r25^6*r34*r35^6*r45^10*t
L[1803]=r14^4*r15^3*r25^6*r34*r35^6*r45^10*t
L[1804]=r14^4*r15*r24^4*r25^4*r34*r35^6*r45^10*t
L[1805]=r12*r14^3*r15*r23*r24^3*r25^4*r34*r35^6*r45^10*t
L[1806]=r13^4*r14*r23*r24^3*r25^4*r34*r35^6*r45^10*t
L[1807]=r12*r13*r15^4*r24^3*r25^4*r34*r35^6*r45^10*t
L[1808]=r12^4*r15^4*r24*r25^4*r34*r35^6*r45^10*t
L[1809]=r13*r14^4*r23^4*r25^4*r34*r35^6*r45^10*t
L[1810]=r13^4*r14*r23^4*r25^4*r34*r35^6*r45^10*t
L[1811]=r13*r14^3*r15*r23^4*r24*r25^3*r34*r35^6*r45^10*t
L[1812]=r13^4*r15*r23^4*r24*r25^3*r34*r35^6*r45^10*t
L[1813]=r13^4*r15^4*r23*r24^4*r34*r35^6*r45^10*t
L[1814]=r12*r13^3*r15^3*r25^7*r35^6*r45^10*t
L[1815]=r12*r13^3*r15^3*r23*r25^6*r35^6*r45^10*t
L[1816]=r12*r13^3*r15^4*r25^6*r35^6*r45^10*t
L[1817]=r12*r13^4*r15^3*r25^6*r35^6*r45^10*t
L[1818]=r12*r14^4*r23^4*r24*r25^4*r35^6*r45^10*t
L[1819]=r12^4*r14*r23^4*r24*r25^4*r35^6*r45^10*t
L[1820]=r12^4*r14^4*r23*r24^4*r25*r35^6*r45^10*t
L[1821]=r12*r13^4*r14*r15^4*r24^4*r35^6*r45^10*t
L[1822]=r12^4*r13*r14^4*r15*r24^4*r35^6*r45^10*t
L[1823]=r12^4*r13^4*r14*r15^4*r24*r35^6*r45^10*t
L[1824]=r12*r13^4*r24*r25^4*r34^6*r35^4*r45^10*t
L[1825]=r13^3*r14*r15*r24^4*r25*r34^6*r35^4*r45^10*t
L[1826]=r13^4*r14*r23^4*r24*r34^6*r35^4*r45^10*t
L[1827]=r12*r14*r15^4*r23^4*r34^6*r35^4*r45^10*t
L[1828]=r13^3*r14*r15*r24*r25^6*r34^4*r35^4*r45^10*t
L[1829]=r13^3*r14*r15*r24^6*r25*r34^4*r35^4*r45^10*t
L[1830]=r14*r15^6*r23^3*r24*r25*r34^4*r35^4*r45^10*t
L[1831]=r12^4*r13*r24^4*r25^6*r34*r35^4*r45^10*t
L[1832]=r12^4*r13*r24^6*r25^4*r34*r35^4*r45^10*t
L[1833]=r12^4*r14*r15^6*r23*r25^3*r34*r35^4*r45^10*t
L[1834]=r13*r14^4*r23^4*r24*r25^6*r35^4*r45^10*t
L[1835]=r14^4*r15*r23^6*r24*r25^4*r35^4*r45^10*t
L[1836]=r12^6*r13*r15^4*r23*r25^4*r35^4*r45^10*t
L[1837]=r13^4*r14*r15^6*r23*r24^4*r35^4*r45^10*t
L[1838]=r12^6*r13*r14^4*r23*r24^4*r35^4*r45^10*t
L[1839]=r12^3*r13^3*r14^3*r25*r34^9*r35*r45^10*t
L[1840]=r12^3*r14^3*r15*r24^3*r34^9*r35*r45^10*t
L[1841]=r12^4*r23^3*r24^4*r25*r34^7*r35*r45^10*t
L[1842]=r12*r13^4*r14^3*r24^3*r25*r34^7*r35*r45^10*t
L[1843]=r12*r14^3*r15*r23^4*r24^3*r34^7*r35*r45^10*t
L[1844]=r12^4*r15*r23^4*r24^3*r34^7*r35*r45^10*t
L[1845]=r13^3*r14^3*r24*r25^6*r34^6*r35*r45^10*t
L[1846]=r13^4*r14*r23^4*r24^3*r25*r34^6*r35*r45^10*t
L[1847]=r13^4*r14^4*r23*r24^3*r25*r34^6*r35*r45^10*t
L[1848]=r12^6*r13^3*r23^3*r25*r34^6*r35*r45^10*t
L[1849]=r13*r14^3*r15*r23^4*r24^4*r34^6*r35*r45^10*t
L[1850]=r13^4*r15*r23^4*r24^4*r34^6*r35*r45^10*t
L[1851]=r14*r15^6*r23^3*r24^3*r34^6*r35*r45^10*t
L[1852]=r12^6*r13^3*r14^3*r15*r34^6*r35*r45^10*t
L[1853]=r13*r15^6*r23^4*r24^4*r25^3*r34*r35*r45^10*t
L[1854]=r12^4*r13^3*r14^3*r23*r34^9*r45^10*t
L[1855]=r12^4*r13^4*r14^3*r34^9*r45^10*t
L[1856]=r13^3*r14^3*r15*r23*r24^4*r25*r34^7*r45^10*t
L[1857]=r13^4*r14*r23^4*r24^4*r34^7*r45^10*t
L[1858]=r13^4*r14^4*r23*r24^4*r34^7*r45^10*t
L[1859]=r12^6*r13^3*r14^3*r24*r34^7*r45^10*t
L[1860]=r12^6*r13^3*r14^4*r34^7*r45^10*t
L[1861]=r12*r14^3*r15*r23^4*r24^4*r25*r34^6*r45^10*t
L[1862]=r12^4*r15*r23^4*r24^4*r25*r34^6*r45^10*t
L[1863]=r12*r13^4*r14^4*r15*r24^3*r25*r34^6*r45^10*t
L[1864]=r13*r14^3*r15*r23^4*r24^6*r25*r34^4*r45^10*t
L[1865]=r14^4*r15*r23^6*r24^4*r25*r34^4*r45^10*t
L[1866]=r13^4*r14^6*r15*r23*r24^3*r25*r34^4*r45^10*t
L[1867]=r12*r15^6*r23^4*r24^4*r25^4*r34*r45^10*t
L[1868]=r12*r13^3*r23^6*r24^6*r25^3*r34*r45^10*t
L[1869]=r12*r13*r15^4*r23^6*r24^4*r25^3*r34*r45^10*t
L[1870]=r13^3*r14^3*r15^4*r23*r25^9*r45^10*t
L[1871]=r13^3*r14^4*r15^4*r25^9*r45^10*t
L[1872]=r13^3*r14^3*r15^6*r24*r25^7*r45^10*t
L[1873]=r13^4*r14^3*r15^6*r25^7*r45^10*t
L[1874]=r13*r14^3*r23^4*r24^6*r25^6*r45^10*t
L[1875]=r13^3*r14*r23^6*r24^4*r25^6*r45^10*t
L[1876]=r13^3*r15*r23^6*r24^6*r25^4*r45^10*t
L[1877]=r12^3*r15^4*r25*r34^6*r35^9*r45^7*t
L[1878]=r13*r14^3*r24^4*r34^6*r35^9*r45^7*t
L[1879]=r14^4*r23*r24^3*r34^6*r35^9*r45^7*t
L[1880]=r12^4*r15^3*r25^6*r34*r35^9*r45^7*t
L[1881]=r13^6*r23*r24^3*r25^4*r35^9*r45^7*t
L[1882]=r13*r14^3*r15^4*r23^6*r35^9*r45^7*t
L[1883]=r12^4*r13^3*r14*r23^6*r35^9*r45^7*t
L[1884]=r12^3*r23*r25^6*r34^6*r35^7*r45^7*t
L[1885]=r12^3*r15*r25^6*r34^6*r35^7*r45^7*t
L[1886]=r13*r14^3*r25^6*r34^6*r35^7*r45^7*t
L[1887]=r12*r14^3*r25^6*r34^6*r35^7*r45^7*t
L[1888]=r12^3*r14*r25^6*r34^6*r35^7*r45^7*t
L[1889]=r12^3*r23^6*r25*r34^6*r35^7*r45^7*t
L[1890]=r12^3*r15^6*r25*r34^6*r35^7*r45^7*t
L[1891]=r12^3*r15*r24^6*r34^6*r35^7*r45^7*t
L[1892]=r15^6*r23*r24^3*r34^6*r35^7*r45^7*t
L[1893]=r12*r15^6*r24^3*r34^6*r35^7*r45^7*t
L[1894]=r13^3*r23^6*r25^6*r34*r35^7*r45^7*t
L[1895]=r12^6*r15^3*r25^6*r34*r35^7*r45^7*t
L[1896]=r12^3*r23*r24^6*r34^7*r35^6*r45^7*t
L[1897]=r12^3*r23^6*r24*r34^7*r35^6*r45^7*t
L[1898]=r12^3*r23*r24*r25^6*r34^6*r35^6*r45^7*t
L[1899]=r13*r14^3*r24*r25^6*r34^6*r35^6*r45^7*t
L[1900]=r12^3*r14*r24*r25^6*r34^6*r35^6*r45^7*t
L[1901]=r12*r13^3*r15*r25^6*r34^6*r35^6*r45^7*t
L[1902]=r12^3*r13*r14*r25^6*r34^6*r35^6*r45^7*t
L[1903]=r12*r13*r15^4*r23*r25^4*r34^6*r35^6*r45^7*t
L[1904]=r12*r13*r14^4*r23*r25^4*r34^6*r35^6*r45^7*t
L[1905]=r12^3*r15*r23^6*r25*r34^6*r35^6*r45^7*t
L[1906]=r12*r15^6*r23^3*r25*r34^6*r35^6*r45^7*t
L[1907]=r12^4*r23*r24^6*r34^6*r35^6*r45^7*t
L[1908]=r12*r13*r15^4*r23*r24^4*r34^6*r35^6*r45^7*t
L[1909]=r13^6*r23*r24^4*r34^6*r35^6*r45^7*t
L[1910]=r14*r15^6*r23*r24^3*r34^6*r35^6*r45^7*t
L[1911]=r12^3*r14*r23^6*r24*r34^6*r35^6*r45^7*t
L[1912]=r12^4*r23^6*r24*r34^6*r35^6*r45^7*t
L[1913]=r13*r14^4*r23^6*r34^6*r35^6*r45^7*t
L[1914]=r12^4*r14*r15*r23*r25^6*r34^4*r35^6*r45^7*t
L[1915]=r12*r13^3*r23^6*r25^6*r34*r35^6*r45^7*t
L[1916]=r13^6*r23^4*r24*r25^6*r35^6*r45^7*t
L[1917]=r15^6*r23*r24^6*r25^4*r35^6*r45^7*t
L[1918]=r13*r15^6*r24^6*r25^4*r35^6*r45^7*t
L[1919]=r14*r15^6*r23^6*r25^4*r35^6*r45^7*t
L[1920]=r13*r14*r15^4*r24*r25^6*r34^6*r35^4*r45^7*t
L[1921]=r14*r15^6*r23*r24*r25^4*r34^6*r35^4*r45^7*t
L[1922]=r13^3*r23^6*r24^6*r34^7*r35*r45^7*t
L[1923]=r13^6*r23^4*r24^6*r25*r34^6*r45^7*t
L[1924]=r14^6*r15*r23^6*r24^4*r34^6*r45^7*t
L[1925]=r15^6*r23^6*r24*r25^6*r34*r35^6*r45^4*t
L[1926]=r12^3*r13*r24^3*r25^4*r34*r35^9*r45^10*t
L[1927]=r12^3*r14*r15^3*r25^4*r34*r35^9*r45^10*t
L[1928]=r12^3*r13^3*r15^4*r24*r34*r35^9*r45^10*t
L[1929]=r12^3*r13^4*r15^3*r24*r34*r35^9*r45^10*t
L[1930]=r12^3*r14^3*r15^4*r23*r34*r35^9*r45^10*t
L[1931]=r12^3*r14^4*r15^3*r23*r34*r35^9*r45^10*t
L[1932]=r12^3*r14*r15*r24^4*r25^3*r35^9*r45^10*t
L[1933]=r12*r13^4*r24^4*r25^3*r35^9*r45^10*t
L[1934]=r12^3*r14^4*r15^3*r24*r25*r35^9*r45^10*t
L[1935]=r12^4*r14^3*r15^3*r24*r25*r35^9*r45^10*t
L[1936]=r12^3*r13^4*r15^3*r23*r25*r35^9*r45^10*t
L[1937]=r12^4*r13^3*r15^3*r23*r25*r35^9*r45^10*t
L[1938]=r12*r14^4*r15^3*r23^4*r35^9*r45^10*t
L[1939]=r12^3*r13^4*r15*r23^4*r35^9*r45^10*t
L[1940]=r12^4*r14^4*r15^4*r35^9*r45^10*t
L[1941]=r12^4*r13^4*r15^4*r35^9*r45^10*t
L[1942]=r12^3*r13^3*r24*r34^7*r35^7*r45^10*t
L[1943]=r12^3*r14^3*r23*r34^7*r35^7*r45^10*t
L[1944]=r12^3*r14^4*r34^7*r35^7*r45^10*t
L[1945]=r12^3*r13^4*r34^7*r35^7*r45^10*t
L[1946]=r12^4*r13^3*r34^7*r35^7*r45^10*t
L[1947]=r12*r13^4*r24^3*r34^6*r35^7*r45^10*t
L[1948]=r12^3*r13*r15^3*r24*r34^6*r35^7*r45^10*t
L[1949]=r12^3*r13^4*r24*r34^6*r35^7*r45^10*t
L[1950]=r12^4*r13^3*r24*r34^6*r35^7*r45^10*t
L[1951]=r12*r14^3*r23^4*r34^6*r35^7*r45^10*t
L[1952]=r12^3*r14*r15^3*r23*r34^6*r35^7*r45^10*t
L[1953]=r12^3*r14^4*r23*r34^6*r35^7*r45^10*t
L[1954]=r12^4*r14^3*r23*r34^6*r35^7*r45^10*t
L[1955]=r12^4*r14^4*r34^6*r35^7*r45^10*t
L[1956]=r12^4*r13^4*r34^6*r35^7*r45^10*t
L[1957]=r13^3*r14*r15*r24^4*r25*r34^4*r35^7*r45^10*t
L[1958]=r13^4*r15*r23^4*r25*r34^4*r35^7*r45^10*t
L[1959]=r12^4*r24^3*r25^6*r34*r35^7*r45^10*t
L[1960]=r12^4*r24^6*r25^3*r34*r35^7*r45^10*t
L[1961]=r12^4*r14^3*r15^6*r34*r35^7*r45^10*t
L[1962]=r14^3*r15^4*r25^7*r35^7*r45^10*t
L[1963]=r12^3*r14*r15^3*r24*r25^6*r35^7*r45^10*t
L[1964]=r12^3*r15*r23^4*r25^6*r35^7*r45^10*t
L[1965]=r12^3*r13*r15^3*r23*r25^6*r35^7*r45^10*t
L[1966]=r14^3*r15*r24^6*r25^4*r35^7*r45^10*t
L[1967]=r14^6*r15*r24^3*r25^4*r35^7*r45^10*t
L[1968]=r13^3*r14*r15*r24^6*r25^3*r35^7*r45^10*t
L[1969]=r12^4*r13*r24^6*r25^3*r35^7*r45^10*t
L[1970]=r12^6*r13^3*r15^4*r25*r35^7*r45^10*t
L[1971]=r12^4*r13^3*r25*r34^7*r35^6*r45^10*t
L[1972]=r12^4*r14^3*r15*r34^7*r35^6*r45^10*t
L[1973]=r12^3*r13*r24^4*r25*r34^6*r35^6*r45^10*t
L[1974]=r12^3*r14*r15*r24^3*r25*r34^6*r35^6*r45^10*t
L[1975]=r12*r13^4*r24^3*r25*r34^6*r35^6*r45^10*t
L[1976]=r14^4*r23^3*r24*r25*r34^6*r35^6*r45^10*t
L[1977]=r12^4*r13*r15^3*r25*r34^6*r35^6*r45^10*t
L[1978]=r13^3*r14*r15*r24^4*r34^6*r35^6*r45^10*t
L[1979]=r12*r14^3*r15*r23^4*r34^6*r35^6*r45^10*t
L[1980]=r12^4*r15^4*r23*r34^6*r35^6*r45^10*t
L[1981]=r14^4*r24^4*r25^6*r34*r35^6*r45^10*t
L[1982]=r13^3*r14*r15*r24^3*r25^6*r34*r35^6*r45^10*t
L[1983]=r12^3*r13*r23^3*r24*r25^6*r34*r35^6*r45^10*t
L[1984]=r14^6*r23^3*r24*r25^4*r34*r35^6*r45^10*t
L[1985]=r13^6*r23^3*r24*r25^4*r34*r35^6*r45^10*t
L[1986]=r12^3*r15^6*r24*r25^4*r34*r35^6*r45^10*t
L[1987]=r12^6*r15^3*r24*r25^4*r34*r35^6*r45^10*t
L[1988]=r14^6*r15*r23^3*r25^4*r34*r35^6*r45^10*t
L[1989]=r14*r15^6*r24^4*r25^3*r34*r35^6*r45^10*t
L[1990]=r14^4*r15*r23^6*r25^3*r34*r35^6*r45^10*t
L[1991]=r13^3*r14*r15*r23^6*r25^3*r34*r35^6*r45^10*t
L[1992]=r14^6*r15*r23^4*r25^3*r34*r35^6*r45^10*t
L[1993]=r13^3*r14*r15^4*r24^6*r34*r35^6*r45^10*t
L[1994]=r12^6*r13^3*r14*r15^4*r34*r35^6*r45^10*t
L[1995]=r12^4*r15*r23^4*r25^6*r35^6*r45^10*t
L[1996]=r12^4*r15^4*r23*r25^6*r35^6*r45^10*t
L[1997]=r12*r13*r14^3*r23^6*r25^4*r35^6*r45^10*t
L[1998]=r12*r13^4*r23^6*r25^4*r35^6*r45^10*t
L[1999]=r12^4*r13*r23^6*r25^4*r35^6*r45^10*t
L[2000]=r12^4*r13*r14^3*r24^6*r25*r35^6*r45^10*t
L[2001]=r12^4*r13^4*r15^6*r25*r35^6*r45^10*t
L[2002]=r12*r13^6*r15^4*r23*r24^3*r35^6*r45^10*t
L[2003]=r12^4*r14^6*r15*r23*r24^3*r35^6*r45^10*t
L[2004]=r13^3*r14^4*r15*r25^6*r34^6*r35*r45^10*t
L[2005]=r12^3*r13*r23^3*r24^6*r25*r34^6*r35*r45^10*t
L[2006]=r15^6*r23^3*r24^4*r25*r34^6*r35*r45^10*t
L[2007]=r13^6*r23^3*r24^4*r25*r34^6*r35*r45^10*t
L[2008]=r12^6*r23^3*r24^4*r25*r34^6*r35*r45^10*t
L[2009]=r14^4*r15*r23^6*r24^3*r34^6*r35*r45^10*t
L[2010]=r13^3*r14*r15*r23^6*r24^3*r34^6*r35*r45^10*t
L[2011]=r12*r13^3*r23^6*r24^3*r25^7*r35*r45^10*t
L[2012]=r12*r15^6*r23^4*r24^3*r25^6*r35*r45^10*t
L[2013]=r12^6*r13^3*r14^3*r34^9*r45^10*t
L[2014]=r12^3*r14*r23^4*r24^6*r34^7*r45^10*t
L[2015]=r12^3*r13*r23^6*r24^4*r34^7*r45^10*t
L[2016]=r12^3*r13^4*r23^6*r24*r34^7*r45^10*t
L[2017]=r12^4*r14*r23^4*r24^6*r34^6*r45^10*t
L[2018]=r12^4*r14^4*r23*r24^6*r34^6*r45^10*t
L[2019]=r12*r13*r14^3*r23^6*r24^4*r34^6*r45^10*t
L[2020]=r12*r13^4*r23^6*r24^4*r34^6*r45^10*t
L[2021]=r12^4*r13*r23^6*r24^4*r34^6*r45^10*t
L[2022]=r12*r13^6*r14^4*r23*r24^3*r34^6*r45^10*t
L[2023]=r12^6*r14^4*r23*r24^6*r34^4*r45^10*t
L[2024]=r12*r14^3*r23^4*r24^6*r25^6*r34*r45^10*t
L[2025]=r12*r13^3*r23^6*r24^4*r25^6*r34*r45^10*t
L[2026]=r13^3*r14^3*r15^6*r25^9*r45^10*t
L[2027]=r13^3*r15^4*r23*r24^6*r25^7*r45^10*t
L[2028]=r14^3*r15^4*r23^6*r24*r25^7*r45^10*t
L[2029]=r14^4*r15^3*r23^6*r24*r25^7*r45^10*t
L[2030]=r13^3*r23^6*r24^6*r25^6*r45^10*t
L[2031]=r13*r15^6*r23^4*r24^6*r25^4*r45^10*t
L[2032]=r14*r15^6*r23^6*r24^4*r25^4*r45^10*t
L[2033]=r13^4*r15*r24^3*r25*r34^6*r35^9*r45^7*t
L[2034]=r14^3*r15*r23^4*r25*r34^6*r35^9*r45^7*t
L[2035]=r12^4*r23^4*r25^6*r34*r35^9*r45^7*t
L[2036]=r13^3*r15*r23^6*r25^4*r34*r35^9*r45^7*t
L[2037]=r12^4*r23^6*r25^4*r34*r35^9*r45^7*t
L[2038]=r12*r15^6*r24^4*r25^3*r34*r35^9*r45^7*t
L[2039]=r14^3*r15*r23*r25^6*r34^6*r35^7*r45^7*t
L[2040]=r14^4*r23*r25^6*r34^6*r35^7*r45^7*t
L[2041]=r13^4*r15*r25^6*r34^6*r35^7*r45^7*t
L[2042]=r13^4*r14*r25^6*r34^6*r35^7*r45^7*t
L[2043]=r13^6*r23*r24^3*r25*r34^6*r35^7*r45^7*t
L[2044]=r13*r15^6*r24^3*r25*r34^6*r35^7*r45^7*t
L[2045]=r15^6*r23^4*r25*r34^6*r35^7*r45^7*t
L[2046]=r13*r15^6*r24^4*r34^6*r35^7*r45^7*t
L[2047]=r15^6*r23^4*r24*r34^6*r35^7*r45^7*t
L[2048]=r13*r14^3*r15*r23^6*r34^6*r35^7*r45^7*t
L[2049]=r13^6*r23^4*r25^6*r34*r35^7*r45^7*t
L[2050]=r12^6*r23^4*r25^6*r34*r35^7*r45^7*t
L[2051]=r15^6*r23^6*r25^4*r34*r35^7*r45^7*t
L[2052]=r12^6*r23^6*r25^4*r34*r35^7*r45^7*t
L[2053]=r13*r15^6*r23^6*r25^3*r34*r35^7*r45^7*t
L[2054]=r12*r15^6*r24^6*r25^4*r35^7*r45^7*t
L[2055]=r12^3*r14*r15*r23*r25^6*r34^6*r35^6*r45^7*t
L[2056]=r12^4*r13*r23*r25^6*r34^6*r35^6*r45^7*t
L[2057]=r13*r14*r15^4*r25^6*r34^6*r35^6*r45^7*t
L[2058]=r12*r14^4*r15*r25^6*r34^6*r35^6*r45^7*t
L[2059]=r15^6*r23*r24*r25^4*r34^6*r35^6*r45^7*t
L[2060]=r12*r15^6*r24^4*r25*r34^6*r35^6*r45^7*t
L[2061]=r14^6*r15*r23*r25^6*r34^4*r35^6*r45^7*t
L[2062]=r13*r15^6*r24^6*r25*r34^4*r35^6*r45^7*t
L[2063]=r12*r15^6*r23^6*r25^4*r34*r35^6*r45^7*t
L[2064]=r13*r15^6*r23^6*r24*r25^4*r35^6*r45^7*t
L[2065]=r12*r15^6*r23^6*r24*r25^6*r35^4*r45^7*t
L[2066]=r13^6*r23^4*r24^6*r34^7*r35*r45^7*t
L[2067]=r14^6*r23^6*r24^4*r34^7*r35*r45^7*t
L[2068]=r15^6*r23^4*r24^6*r25^7*r34*r45^7*t
L[2069]=r12*r15^6*r23^6*r24^4*r25^7*r45^7*t
L[2070]=r13*r15^6*r23*r25^6*r34^6*r35^7*r45^4*t
L[2071]=r12^4*r15^4*r25^4*r34*r35^6*r45^13*t
L[2072]=r12*r13^4*r23^4*r25^3*r34*r35^6*r45^13*t
L[2073]=r12^4*r14^4*r24^4*r34*r35^6*r45^13*t
L[2074]=r13^3*r14*r15*r23^4*r25^4*r35^6*r45^13*t
L[2075]=r13^4*r15^4*r24^4*r25*r35^6*r45^13*t
L[2076]=r12^3*r13^4*r23^4*r34^7*r35*r45^13*t
L[2077]=r12^4*r15*r23^3*r24^3*r25*r34^6*r35*r45^13*t
L[2078]=r12^4*r14^4*r24^4*r34^6*r35*r45^13*t
L[2079]=r12*r13^4*r23^4*r24^3*r34^6*r35*r45^13*t
L[2080]=r12^6*r14^3*r15*r24^3*r25*r34^4*r35*r45^13*t
L[2081]=r12^6*r14^4*r24^4*r34^4*r35*r45^13*t
L[2082]=r12*r15^6*r23^3*r24^3*r25^4*r34*r35*r45^13*t
L[2083]=r14^4*r15^3*r23^4*r25^7*r35*r45^13*t
L[2084]=r13^4*r14^4*r24^4*r25*r34^6*r45^13*t
L[2085]=r13^3*r14*r15*r23^4*r24^4*r34^6*r45^13*t
L[2086]=r13^4*r14^4*r15^3*r25^7*r34*r45^13*t
L[2087]=r14^3*r15^4*r23^4*r24*r25^6*r34*r45^13*t
L[2088]=r14*r15^6*r23^4*r24^4*r25^3*r34*r45^13*t
L[2089]=r12*r13^3*r15^3*r23*r24^4*r25^7*r45^13*t
L[2090]=r12*r13^4*r14^4*r15^4*r25^6*r45^13*t
L[2091]=r14^4*r24^4*r25^3*r34*r35^10*r45^10*t
L[2092]=r12^3*r13*r24^4*r25^4*r35^10*r45^10*t
L[2093]=r12^3*r14^4*r15^4*r23*r35^10*r45^10*t
L[2094]=r12^4*r13^4*r15^3*r23*r35^10*r45^10*t
L[2095]=r12^3*r13*r15^3*r23*r25*r34^4*r35^9*r45^10*t
L[2096]=r12^3*r13^4*r15*r23*r34^4*r35^9*r45^10*t
L[2097]=r14^4*r24^4*r25^4*r34*r35^9*r45^10*t
L[2098]=r14^4*r15*r24^4*r25^3*r34*r35^9*r45^10*t
L[2099]=r12*r14^4*r23*r24^3*r25^4*r35^9*r45^10*t
L[2100]=r12*r13*r15^4*r24^4*r25^3*r35^9*r45^10*t
L[2101]=r12^3*r13^3*r34^9*r35^7*r45^10*t
L[2102]=r14^3*r15*r24^3*r25*r34^7*r35^7*r45^10*t
L[2103]=r14^3*r15*r24^4*r25*r34^6*r35^7*r45^10*t
L[2104]=r14^4*r15*r24^3*r25*r34^6*r35^7*r45^10*t
L[2105]=r13^3*r14*r15*r24^3*r25*r34^6*r35^7*r45^10*t
L[2106]=r14^3*r15*r23^3*r24*r25*r34^6*r35^7*r45^10*t
L[2107]=r13^4*r14*r23*r24^3*r34^6*r35^7*r45^10*t
L[2108]=r13*r14^3*r23^4*r24*r34^6*r35^7*r45^10*t
L[2109]=r12^6*r13^3*r34^6*r35^7*r45^10*t
L[2110]=r12^4*r23^3*r24*r25^6*r34*r35^7*r45^10*t
L[2111]=r12^4*r14*r23^6*r25^3*r34*r35^7*r45^10*t
L[2112]=r14^3*r15^3*r25^9*r35^7*r45^10*t
L[2113]=r14^3*r24^6*r25^6*r35^7*r45^10*t
L[2114]=r13*r14^4*r23*r24^3*r25^6*r35^7*r45^10*t
L[2115]=r12^3*r14*r23^4*r24*r25^6*r35^7*r45^10*t
L[2116]=r13^3*r23^6*r25^6*r35^7*r45^10*t
L[2117]=r14^3*r15^6*r25^6*r35^7*r45^10*t
L[2118]=r12^6*r15^3*r25^6*r35^7*r45^10*t
L[2119]=r13*r14^3*r15*r23^6*r25^4*r35^7*r45^10*t
L[2120]=r12*r13*r14^4*r24^6*r25^3*r35^7*r45^10*t
L[2121]=r13*r15^6*r23*r24^4*r25^3*r35^7*r45^10*t
L[2122]=r12*r14^6*r23*r24^4*r25^3*r35^7*r45^10*t
L[2123]=r12^6*r13^3*r15^6*r35^7*r45^10*t
L[2124]=r12^3*r13^3*r25*r34^9*r35^6*r45^10*t
L[2125]=r12^3*r14^3*r15*r34^9*r35^6*r45^10*t
L[2126]=r12^3*r24*r25^6*r34^6*r35^6*r45^10*t
L[2127]=r12^3*r24^6*r25*r34^6*r35^6*r45^10*t
L[2128]=r12^4*r15*r23*r24^3*r25*r34^6*r35^6*r45^10*t
L[2129]=r13^4*r14*r23*r24^3*r25*r34^6*r35^6*r45^10*t
L[2130]=r12*r13*r14^4*r24^3*r25*r34^6*r35^6*r45^10*t
L[2131]=r13^4*r14*r23^4*r25*r34^6*r35^6*r45^10*t
L[2132]=r12^6*r13^3*r25*r34^6*r35^6*r45^10*t
L[2133]=r12*r14^3*r15*r23*r24^4*r34^6*r35^6*r45^10*t
L[2134]=r13*r14^3*r15*r23^4*r24*r34^6*r35^6*r45^10*t
L[2135]=r13^4*r15*r23^4*r24*r34^6*r35^6*r45^10*t
L[2136]=r12^3*r15*r23^6*r34^6*r35^6*r45^10*t
L[2137]=r12^6*r14^3*r15*r34^6*r35^6*r45^10*t
L[2138]=r12^4*r13*r24^6*r25*r34^4*r35^6*r45^10*t
L[2139]=r12^6*r13^3*r15*r23*r25*r34^4*r35^6*r45^10*t
L[2140]=r12^6*r13*r15^4*r25*r34^4*r35^6*r45^10*t
L[2141]=r12^4*r14^6*r15*r23*r34^4*r35^6*r45^10*t
L[2142]=r14^3*r24^6*r25^6*r34*r35^6*r45^10*t
L[2143]=r12*r15^6*r23*r24^3*r25^4*r34*r35^6*r45^10*t
L[2144]=r13*r14^6*r23*r24^3*r25^4*r34*r35^6*r45^10*t
L[2145]=r12^6*r23^4*r24*r25^4*r34*r35^6*r45^10*t
L[2146]=r13^3*r15^6*r23*r24*r25^4*r34*r35^6*r45^10*t
L[2147]=r13*r14^3*r15*r23*r24^6*r25^3*r34*r35^6*r45^10*t
L[2148]=r13*r15^6*r23^4*r24*r25^3*r34*r35^6*r45^10*t
L[2149]=r12^4*r15*r23*r24^4*r25^6*r35^6*r45^10*t
L[2150]=r12*r13^3*r23^6*r25^6*r35^6*r45^10*t
L[2151]=r12^4*r14*r23*r24^6*r25^4*r35^6*r45^10*t
L[2152]=r12*r13*r15^4*r23^6*r25^4*r35^6*r45^10*t
L[2153]=r12^4*r13*r14^4*r15^6*r25*r35^6*r45^10*t
L[2154]=r12^4*r13*r14^6*r15^4*r24*r35^6*r45^10*t
L[2155]=r14^4*r15*r24*r25^6*r34^6*r35^4*r45^10*t
L[2156]=r12^4*r13*r24*r25^6*r34^6*r35^4*r45^10*t
L[2157]=r14*r15^6*r24^4*r25*r34^6*r35^4*r45^10*t
L[2158]=r12^4*r14*r15^6*r23*r34^6*r35^4*r45^10*t
L[2159]=r14^6*r15*r24*r25^6*r34^4*r35^4*r45^10*t
L[2160]=r14*r15^6*r24^6*r25*r34^4*r35^4*r45^10*t
L[2161]=r13^3*r14^3*r15*r23*r24^4*r34^9*r35*r45^10*t
L[2162]=r12*r13^4*r14^3*r25^6*r34^7*r35*r45^10*t
L[2163]=r12*r15^6*r23^4*r24^3*r34^7*r35*r45^10*t
L[2164]=r13^4*r14^4*r23*r25^6*r34^6*r35*r45^10*t
L[2165]=r13*r15^6*r23^4*r24^4*r34^6*r35*r45^10*t
L[2166]=r12*r14^3*r23^4*r24^6*r25^7*r35*r45^10*t
L[2167]=r12^4*r13^3*r23^6*r34^9*r45^10*t
L[2168]=r12^3*r15*r23^4*r24^6*r25*r34^7*r45^10*t
L[2169]=r12^3*r15*r23^6*r24^4*r25*r34^7*r45^10*t
L[2170]=r13^3*r23^6*r24^6*r34^7*r45^10*t
L[2171]=r12^6*r14^3*r24^6*r34^7*r45^10*t
L[2172]=r13*r14^4*r23^6*r24^4*r34^7*r45^10*t
L[2173]=r12*r13^4*r14^4*r15*r25^6*r34^6*r45^10*t
L[2174]=r12*r13^6*r14^4*r23*r25^4*r34^6*r45^10*t
L[2175]=r12*r15^6*r23^4*r24^4*r25*r34^6*r45^10*t
L[2176]=r12*r13^3*r23^6*r24^6*r34^6*r45^10*t
L[2177]=r12*r13*r15^4*r23^6*r24^4*r34^6*r45^10*t
L[2178]=r13^4*r14^6*r15*r23*r25^6*r34^4*r45^10*t
L[2179]=r13*r15^6*r23^4*r24^6*r25*r34^4*r45^10*t
L[2180]=r14^3*r15^4*r23^6*r25^9*r45^10*t
L[2181]=r13^3*r15^6*r24^6*r25^7*r45^10*t
L[2182]=r14^4*r23^6*r24^6*r25^6*r45^10*t
L[2183]=r15^6*r23^6*r24*r25^6*r35^6*r45^7*t
L[2184]=r14^6*r23^6*r24^6*r25*r34^6*r45^7*t
L[2185]=r14^4*r24^3*r25*r34^6*r35^9*r45^10*t
L[2186]=r12^3*r13*r15^3*r25*r34^6*r35^9*r45^10*t
L[2187]=r14^3*r15*r24^4*r34^6*r35^9*r45^10*t
L[2188]=r12^3*r15^4*r23*r34^6*r35^9*r45^10*t
L[2189]=r14^6*r24^3*r25^4*r34*r35^9*r45^10*t
L[2190]=r13^6*r24^3*r25^4*r34*r35^9*r45^10*t
L[2191]=r14^3*r15*r24^6*r25^3*r34*r35^9*r45^10*t
L[2192]=r12^3*r13*r24^6*r25^3*r34*r35^9*r45^10*t
L[2193]=r14^3*r15^4*r23^6*r34*r35^9*r45^10*t
L[2194]=r14^4*r15^3*r23^6*r34*r35^9*r45^10*t
L[2195]=r12^4*r24^4*r25^6*r35^9*r45^10*t
L[2196]=r12^4*r15^3*r23*r25^6*r35^9*r45^10*t
L[2197]=r14^4*r24^6*r25^4*r35^9*r45^10*t
L[2198]=r12^4*r24^6*r25^4*r35^9*r45^10*t
L[2199]=r14^6*r15*r24^4*r25^3*r35^9*r45^10*t
L[2200]=r12^3*r13^4*r23^6*r25*r35^9*r45^10*t
L[2201]=r12^4*r13^3*r23^6*r25*r35^9*r45^10*t
L[2202]=r12^3*r25^6*r34^7*r35^7*r45^10*t
L[2203]=r12^3*r24^6*r34^7*r35^7*r45^10*t
L[2204]=r12^3*r23^6*r34^7*r35^7*r45^10*t
L[2205]=r12^3*r15^6*r34^7*r35^7*r45^10*t
L[2206]=r14^4*r25^6*r34^6*r35^7*r45^10*t
L[2207]=r12^3*r13*r25^6*r34^6*r35^7*r45^10*t
L[2208]=r12^4*r25^6*r34^6*r35^7*r45^10*t
L[2209]=r12^3*r13*r24^6*r34^6*r35^7*r45^10*t
L[2210]=r12^4*r24^6*r34^6*r35^7*r45^10*t
L[2211]=r15^6*r24^4*r34^6*r35^7*r45^10*t
L[2212]=r13^6*r24^4*r34^6*r35^7*r45^10*t
L[2213]=r14^4*r23^6*r34^6*r35^7*r45^10*t
L[2214]=r12^3*r14*r23^6*r34^6*r35^7*r45^10*t
L[2215]=r12^4*r23^6*r34^6*r35^7*r45^10*t
L[2216]=r12^3*r15^6*r23*r34^6*r35^7*r45^10*t
L[2217]=r12^4*r15^6*r34^6*r35^7*r45^10*t
L[2218]=r14^4*r15*r24^6*r25*r34^4*r35^7*r45^10*t
L[2219]=r14^6*r15*r24^4*r25*r34^4*r35^7*r45^10*t
L[2220]=r14^6*r24^4*r25^6*r35^7*r45^10*t
L[2221]=r12^6*r24^4*r25^6*r35^7*r45^10*t
L[2222]=r12^3*r13*r23^6*r25^6*r35^7*r45^10*t
L[2223]=r15^6*r24^6*r25^4*r35^7*r45^10*t
L[2224]=r14*r15^6*r24^6*r25^3*r35^7*r45^10*t
L[2225]=r12^6*r14^4*r15^6*r35^7*r45^10*t
L[2226]=r14^3*r15*r24*r25^6*r34^6*r35^6*r45^10*t
L[2227]=r14^4*r24*r25^6*r34^6*r35^6*r45^10*t
L[2228]=r13^3*r14*r15*r25^6*r34^6*r35^6*r45^10*t
L[2229]=r12^3*r14*r15*r25^6*r34^6*r35^6*r45^10*t
L[2230]=r12*r13^4*r25^6*r34^6*r35^6*r45^10*t
L[2231]=r12^4*r13*r25^6*r34^6*r35^6*r45^10*t
L[2232]=r13^6*r24^4*r25*r34^6*r35^6*r45^10*t
L[2233]=r14*r15^6*r24^3*r25*r34^6*r35^6*r45^10*t
L[2234]=r15^6*r23^3*r24*r25*r34^6*r35^6*r45^10*t
L[2235]=r13^6*r23^3*r24*r25*r34^6*r35^6*r45^10*t
L[2236]=r14*r15^6*r24^4*r34^6*r35^6*r45^10*t
L[2237]=r14^4*r15*r23^6*r34^6*r35^6*r45^10*t
L[2238]=r13^3*r14*r15*r23^6*r34^6*r35^6*r45^10*t
L[2239]=r12*r15^6*r23^4*r34^6*r35^6*r45^10*t
L[2240]=r14^6*r15*r24^3*r25^6*r34*r35^6*r45^10*t
L[2241]=r12^6*r23^3*r24*r25^6*r34*r35^6*r45^10*t
L[2242]=r15^6*r24^6*r25^4*r34*r35^6*r45^10*t
L[2243]=r12^6*r24^6*r25^4*r34*r35^6*r45^10*t
L[2244]=r14*r15^6*r23^6*r25^3*r34*r35^6*r45^10*t
L[2245]=r12^6*r14^6*r15^4*r34*r35^6*r45^10*t
L[2246]=r12*r14^3*r15*r23^6*r25^6*r35^6*r45^10*t
L[2247]=r12^3*r15*r23^6*r24^3*r34^9*r35*r45^10*t
L[2248]=r12^4*r14^3*r23*r24^6*r34^9*r45^10*t
L[2249]=r12^6*r13^3*r23^6*r24*r34^7*r45^10*t
L[2250]=r12*r14^4*r23^6*r24^6*r34^6*r45^10*t
L[2251]=r14^3*r15*r23^6*r24^6*r25^7*r45^10*t
L[2252]=r15^6*r23*r25^6*r34^6*r35^7*r45^7*t
L[2253]=r13^6*r23*r25^6*r34^6*r35^7*r45^7*t
L[2254]=r13*r15^6*r25^6*r34^6*r35^7*r45^7*t
L[2255]=r12*r15^6*r25^6*r34^6*r35^7*r45^7*t
L[2256]=r13*r15^6*r23^6*r34^6*r35^7*r45^7*t
L[2257]=r13*r15^6*r24*r25^6*r34^6*r35^6*r45^7*t
L[2258]=r14*r15^6*r23*r25^6*r34^6*r35^6*r45^7*t
L[2259]=r12^3*r13^4*r23^4*r34*r35^9*r45^13*t
L[2260]=r14^4*r15^3*r23^4*r25*r35^9*r45^13*t
L[2261]=r12^3*r13^4*r15^4*r24*r35^9*r45^13*t
L[2262]=r12^4*r14^4*r15^3*r24*r35^9*r45^13*t
L[2263]=r12^4*r15^4*r25*r34^6*r35^6*r45^13*t
L[2264]=r12*r13^4*r23^4*r34^6*r35^6*r45^13*t
L[2265]=r14^4*r15*r23^6*r25^4*r35^6*r45^13*t
L[2266]=r14^6*r15*r23^4*r25^4*r35^6*r45^13*t
L[2267]=r12^4*r15^4*r25^6*r34^6*r35*r45^13*t
L[2268]=r12^4*r15^6*r25^4*r34^6*r35*r45^13*t
L[2269]=r12^3*r13^6*r23^4*r24*r34^6*r35*r45^13*t
L[2270]=r12^3*r13^4*r14*r23^6*r34^6*r35*r45^13*t
L[2271]=r12^6*r15^4*r25^6*r34^4*r35*r45^13*t
L[2272]=r12^6*r15^6*r25^4*r34^4*r35*r45^13*t
L[2273]=r12^6*r13*r14^4*r24^6*r34^3*r35*r45^13*t
L[2274]=r12^6*r14^6*r23*r24^4*r34^3*r35*r45^13*t
L[2275]=r13^4*r14^4*r15^3*r25^9*r35*r45^13*t
L[2276]=r15^6*r23^4*r24^4*r25^6*r35*r45^13*t
L[2277]=r14^6*r23^4*r24^4*r25^6*r35*r45^13*t
L[2278]=r12^6*r23^4*r24^4*r25^6*r35*r45^13*t
L[2279]=r13*r14^4*r23^6*r24^3*r25^6*r35*r45^13*t
L[2280]=r13^4*r14*r15^6*r24^6*r25^3*r35*r45^13*t
L[2281]=r13^6*r15^6*r23*r24^4*r25^3*r35*r45^13*t
L[2282]=r12^6*r13^4*r14^4*r15^6*r35*r45^13*t
L[2283]=r12^3*r13^4*r14^4*r25*r34^9*r45^13*t
L[2284]=r12^3*r14^3*r15*r23*r24^4*r34^9*r45^13*t
L[2285]=r12^3*r13^6*r23^4*r25*r34^7*r45^13*t
L[2286]=r12^3*r13^4*r15*r23^6*r34^7*r45^13*t
L[2287]=r12^4*r15^4*r24*r25^6*r34^6*r45^13*t
L[2288]=r13^4*r14^4*r24*r25^6*r34^6*r45^13*t
L[2289]=r12^4*r14*r15^6*r25^4*r34^6*r45^13*t
L[2290]=r12^4*r14^4*r24^6*r25*r34^6*r45^13*t
L[2291]=r12^6*r13^3*r23^4*r24*r25*r34^6*r45^13*t
L[2292]=r14^4*r15*r23^6*r24^4*r34^6*r45^13*t
L[2293]=r14*r15^6*r23^4*r24^4*r34^6*r45^13*t
L[2294]=r12^4*r14^6*r15*r24^4*r34^6*r45^13*t
L[2295]=r12^6*r13^4*r14^4*r15*r34^6*r45^13*t
L[2296]=r12^6*r13*r15^4*r25^6*r34^4*r45^13*t
L[2297]=r12^6*r15^6*r23*r25^4*r34^4*r45^13*t
L[2298]=r14^6*r15^3*r23^4*r25^7*r34*r45^13*t
L[2299]=r14^3*r15*r23^4*r24^6*r25^6*r34*r45^13*t
L[2300]=r13^4*r15^4*r24^6*r25^6*r34*r45^13*t
L[2301]=r13^4*r14^6*r15*r24^3*r25^6*r34*r45^13*t
L[2302]=r15^6*r23^4*r24^6*r25^4*r34*r45^13*t
L[2303]=r12^6*r23^4*r24^6*r25^4*r34*r45^13*t
L[2304]=r13^6*r14^6*r23*r24^3*r25^4*r34*r45^13*t
L[2305]=r13*r14^3*r15*r23^6*r24^6*r25^3*r34*r45^13*t
L[2306]=r12^6*r13^4*r14^6*r15^4*r34*r45^13*t
L[2307]=r12*r13^3*r23^6*r24^4*r25^7*r45^13*t
L[2308]=r12*r14^4*r15^3*r23^6*r25^7*r45^13*t
L[2309]=r12*r13^6*r14^4*r15^3*r25^7*r45^13*t
L[2310]=r12*r14^3*r15*r23^6*r24^4*r25^6*r45^13*t
L[2311]=r12^4*r15*r23^6*r24^4*r25^6*r45^13*t
L[2312]=r12*r13^6*r15^4*r24^4*r25^6*r45^13*t
L[2313]=r12^4*r14*r23^6*r24^6*r25^4*r45^13*t
L[2314]=r12^4*r13^6*r14^4*r15^6*r25*r45^13*t
L[2315]=r12^4*r13^6*r14^6*r15^4*r24*r45^13*t
L[2316]=r14^4*r24^4*r34^6*r35^10*r45^10*t
L[2317]=r13^6*r24^4*r25^4*r35^10*r45^10*t
L[2318]=r14^4*r15^4*r23^6*r35^10*r45^10*t
L[2319]=r12^4*r13^4*r23^6*r35^10*r45^10*t
L[2320]=r13*r14^3*r23^4*r25*r34^6*r35^9*r45^10*t
L[2321]=r13^4*r15*r23*r24^3*r34^6*r35^9*r45^10*t
L[2322]=r12^3*r13*r23^6*r25*r34^4*r35^9*r45^10*t
L[2323]=r12^3*r14*r23^4*r25^6*r34*r35^9*r45^10*t
L[2324]=r12^3*r14*r23^6*r25^4*r34*r35^9*r45^10*t
L[2325]=r14^3*r15*r25^6*r34^7*r35^7*r45^10*t
L[2326]=r15^6*r24^3*r25*r34^7*r35^7*r45^10*t
L[2327]=r13*r15^6*r23^6*r25^4*r35^7*r45^10*t
L[2328]=r12^4*r15*r23*r25^6*r34^6*r35^6*r45^10*t
L[2329]=r13^4*r14*r23*r25^6*r34^6*r35^6*r45^10*t
L[2330]=r12*r13*r15^4*r25^6*r34^6*r35^6*r45^10*t
L[2331]=r12*r13*r14^4*r25^6*r34^6*r35^6*r45^10*t
L[2332]=r12*r15^6*r23*r25^4*r34^6*r35^6*r45^10*t
L[2333]=r13*r14^6*r23*r24^3*r25*r34^6*r35^6*r45^10*t
L[2334]=r13*r14^3*r15*r23*r24^6*r34^6*r35^6*r45^10*t
L[2335]=r12*r15^6*r23*r24^4*r34^6*r35^6*r45^10*t
L[2336]=r13*r15^6*r23^4*r24*r34^6*r35^6*r45^10*t
L[2337]=r12^6*r15*r23*r25^6*r34^4*r35^6*r45^10*t
L[2338]=r15^6*r23^6*r24*r25^4*r34*r35^6*r45^10*t
L[2339]=r13*r15^6*r23*r24^6*r25^3*r34*r35^6*r45^10*t
L[2340]=r14*r15^6*r24*r25^6*r34^6*r35^4*r45^10*t
L[2341]=r12^3*r15*r23^4*r24^6*r34^9*r35*r45^10*t
L[2342]=r14^6*r23^4*r25^4*r34*r35^7*r45^13*t
L[2343]=r13^6*r23^4*r25^4*r34*r35^7*r45^13*t
L[2344]=r13^4*r15*r23^6*r25^3*r34*r35^7*r45^13*t
L[2345]=r13^4*r15^4*r24^6*r34*r35^7*r45^13*t
L[2346]=r12*r14^4*r23^6*r25^4*r35^7*r45^13*t
L[2347]=r12^4*r14^4*r24^6*r25*r35^7*r45^13*t
L[2348]=r12*r13^6*r15^4*r24^4*r35^7*r45^13*t
L[2349]=r12^4*r14^6*r15*r24^4*r35^7*r45^13*t
L[2350]=r13^4*r14^4*r25^6*r34^7*r35*r45^13*t
L[2351]=r15^6*r23^4*r24^4*r34^7*r35*r45^13*t
L[2352]=r13^6*r23^4*r24^4*r34^7*r35*r45^13*t
L[2353]=r13^4*r14*r23^6*r24^3*r34^7*r35*r45^13*t
L[2354]=r12*r13^6*r14^4*r24^3*r25*r34^7*r45^13*t
L[2355]=r12*r14^3*r15*r23^6*r24^4*r34^7*r45^13*t
L[2356]=r13^6*r24^3*r25*r34^6*r35^9*r45^10*t
L[2357]=r14^3*r15*r23^6*r34^6*r35^9*r45^10*t
L[2358]=r15^6*r24^6*r25^3*r34*r35^9*r45^10*t
L[2359]=r13^6*r24^6*r25^3*r34*r35^9*r45^10*t
L[2360]=r12^4*r23^6*r25^6*r35^9*r45^10*t
L[2361]=r13^6*r25^6*r34^6*r35^7*r45^10*t
L[2362]=r15^6*r23^6*r34^6*r35^7*r45^10*t
L[2363]=r15^6*r23^6*r25^6*r35^7*r45^10*t
L[2364]=r12^6*r23^6*r25^6*r35^7*r45^10*t
L[2365]=r15^6*r24*r25^6*r34^6*r35^6*r45^10*t
L[2366]=r13^6*r24*r25^6*r34^6*r35^6*r45^10*t
L[2367]=r14*r15^6*r25^6*r34^6*r35^6*r45^10*t
L[2368]=r14^6*r15*r25^6*r34^6*r35^6*r45^10*t
L[2369]=r15^6*r24^6*r25*r34^6*r35^6*r45^10*t
L[2370]=r14*r15^6*r23^6*r34^6*r35^6*r45^10*t
L[2371]=r12*r15^6*r23^6*r25^6*r35^6*r45^10*t
L[2372]=r12^4*r23^6*r24^6*r34^9*r45^10*t
L[2373]=r14^6*r23^6*r24^6*r34^7*r45^10*t
L[2374]=r12^6*r23^6*r24^6*r34^7*r45^10*t
L[2375]=r15^6*r23^6*r24^6*r25^7*r45^10*t
L[2376]=r12^3*r13*r15^3*r23*r34^6*r35^9*r45^13*t
L[2377]=r12^3*r14*r15^3*r23*r25^6*r35^9*r45^13*t
L[2378]=r13^4*r15*r24^6*r25^3*r35^9*r45^13*t
L[2379]=r12^4*r14*r24^6*r25^3*r35^9*r45^13*t
L[2380]=r12^4*r15*r25^6*r34^6*r35^6*r45^13*t
L[2381]=r13^4*r14*r25^6*r34^6*r35^6*r45^13*t
L[2382]=r15^6*r23^4*r24*r34^6*r35^6*r45^13*t
L[2383]=r13^6*r23^4*r24*r34^6*r35^6*r45^13*t
L[2384]=r13^4*r14*r23^6*r34^6*r35^6*r45^13*t
L[2385]=r14^6*r23^4*r24*r25^6*r35^6*r45^13*t
L[2386]=r12^6*r23^4*r24*r25^6*r35^6*r45^13*t
L[2387]=r13*r14^4*r23^6*r25^6*r35^6*r45^13*t
L[2388]=r13^4*r14*r15^6*r24^6*r35^6*r45^13*t
L[2389]=r12^6*r13*r14^4*r24^6*r35^6*r45^13*t
L[2390]=r13^6*r15^6*r23*r24^4*r35^6*r45^13*t
L[2391]=r12^6*r14^6*r23*r24^4*r35^6*r45^13*t
L[2392]=r12^6*r13^4*r14*r15^6*r35^6*r45^13*t
L[2393]=r12^3*r15*r23^6*r24^4*r34^9*r45^13*t
L[2394]=r13^4*r14^6*r15*r25^6*r34^6*r45^13*t
L[2395]=r15^6*r23^4*r24^6*r25*r34^6*r45^13*t
L[2396]=r12^6*r23^4*r24^6*r25*r34^6*r45^13*t
L[2397]=r13^6*r14^6*r23*r24^3*r25*r34^6*r45^13*t
L[2398]=r13*r14^3*r15*r23^6*r24^6*r34^6*r45^13*t
L[2399]=r13*r15^6*r23^6*r24^6*r25^3*r34*r45^13*t
L[2400]=r12*r14^3*r23^6*r24^6*r25^7*r45^13*t
L[2401]=r12*r15^6*r23^6*r24^4*r25^6*r45^13*t
L[2402]=r15^6*r25^6*r34^7*r35^7*r45^10*t
L[2403]=r13*r14^6*r23*r25^6*r34^6*r35^6*r45^10*t
L[2404]=r13*r15^6*r23*r24^6*r34^6*r35^6*r45^10*t
L[2405]=r13^6*r23^4*r25*r34^6*r35^7*r45^13*t
L[2406]=r13^4*r15*r23^6*r34^6*r35^7*r45^13*t
L[2407]=r12*r13^6*r14^4*r25^6*r34^7*r45^13*t
L[2408]=r12*r15^6*r23^6*r24^4*r34^7*r45^13*t
L[2409]=r13^6*r23*r24^3*r34^6*r35^9*r45^13*t
L[2410]=r13*r14^3*r23^6*r34^6*r35^9*r45^13*t
L[2411]=r14^6*r23*r24^3*r25^6*r35^9*r45^13*t
L[2412]=r12^3*r14*r23^6*r25^6*r35^9*r45^13*t
L[2413]=r13*r15^6*r24^6*r25^3*r35^9*r45^13*t
L[2414]=r12*r14^6*r24^6*r25^3*r35^9*r45^13*t
L[2415]=r12*r15^6*r25^6*r34^6*r35^6*r45^13*t
L[2416]=r13*r14^6*r25^6*r34^6*r35^6*r45^13*t
L[2417]=r15^6*r23*r24^6*r34^6*r35^6*r45^13*t
L[2418]=r12^6*r23*r24^6*r25^6*r35^6*r45^13*t
L[2419]=r12^6*r13*r14^6*r15^6*r35^6*r45^13*t
L[2420]=r13^6*r14^6*r23*r25^6*r34^6*r45^13*t
L[2421]=r13*r15^6*r23^6*r24^6*r34^6*r45^13*t
L[2422]=r12^3*r13^6*r23^6*r34^9*r45^16*t
L[2423]=r12^6*r15^6*r25^6*r34^6*r45^16*t
L[2424]=r12^6*r14^6*r24^6*r34^6*r45^16*t
L[2425]=r14^6*r15^3*r23^6*r25^9*r45^16*t
L[2426]=r13^6*r14^6*r15^3*r25^9*r45^16*t
L[2427]=r15^6*r23^6*r24^6*r25^6*r45^16*t
L[2428]=r12^6*r23^6*r24^6*r25^6*r45^16*t
L[2429]=r13^6*r15^6*r24^6*r25^6*r45^16*t
L[2430]=r12^6*r13^6*r14^6*r15^6*r45^16*t
L[2431]=r13^6*r23^6*r34^6*r35^7*r45^16*t
L[2432]=r14^6*r23^6*r25^6*r35^7*r45^16*t
L[2433]=r13^6*r15^6*r24^6*r35^7*r45^16*t
L[2434]=r12^6*r14^6*r24^6*r35^7*r45^16*t
L[2435]=r13^6*r14^6*r25^6*r34^7*r45^16*t
L[2436]=r15^6*r23^6*r24^6*r34^7*r45^16*t
SING_OK
